ID,NOMBRE,UNIDAD,CATEGORIA,DESCRIPCION
4717,"Acero Estructural (columnas",PIEZA,"Acero y productos metalicos","Acero Estructural (columnas"
2908,"Alambre de puas rollo 350m",ROLLO,"Acero y productos metalicos","Cercas seguridad"
2904,"Alambre galvanizado cal 10 kg",KILOGRAMO,"Acero y productos metalicos","Galvanizado cal 10"
2905,"Alambre galvanizado cal 12 kg",KILOGRAMO,"Acero y productos metalicos","Galvanizado cal 12"
2906,"Alambre galvanizado cal 14 kg",KILOGRAMO,"Acero y productos metalicos","Galvanizado cal 14"
2907,"Alambre galvanizado cal 16 kg",KILOGRAMO,"Acero y productos metalicos","Galvanizado cal 16"
2902,"Alambre recocido cal 18 kg",KILOGRAMO,"Acero y productos metalicos","Amarres armados"
2903,"Alambre recocido cal 18 rollo 20kg",ROLLO_20KG,"Acero y productos metalicos","Rollo grande"
2962,"Ancla expansion 1/2x4",PIEZA,"Acero y productos metalicos","Cuña 1/2in"
2965,"Ancla expansion 1x8",PIEZA,"Acero y productos metalicos","Cuña 1in"
2964,"Ancla expansion 3/4x6",PIEZA,"Acero y productos metalicos","Cuña 3/4in"
2961,"Ancla expansion 3/8x3",PIEZA,"Acero y productos metalicos","Cuña 3/8in"
2963,"Ancla expansion 5/8x5",PIEZA,"Acero y productos metalicos","Cuña 5/8in"
2945,"Angulo 1 1/2x3/16",PIEZA,"Acero y productos metalicos","Angulo 1 1/2in"
2944,"Angulo 1x1/8",PIEZA,"Acero y productos metalicos","Angulo 1in"
2947,"Angulo 2 1/2x1/4",PIEZA,"Acero y productos metalicos","Angulo 2 1/2in"
2946,"Angulo 2x3/16",PIEZA,"Acero y productos metalicos","Angulo 2in"
2948,"Angulo 3x1/4",PIEZA,"Acero y productos metalicos","Angulo 3in"
2949,"Angulo 4x3/8",PIEZA,"Acero y productos metalicos","Angulo 4in"
4713,"ANGULO LI 2 1/2" X 1/2"",PIEZA,"Acero y productos metalicos","ANGULO LI 2 1/2" X 1/2""
4714,"ANGULO LI 2 1/2" X 3/8"",PIEZA,"Acero y productos metalicos","ANGULO LI 2 1/2" X 3/8""
4716,"ANGULO LI 2 1/2" X 5/16"",PIEZA,"Acero y productos metalicos","ANGULO LI 2 1/2" X 5/16""
4712,"ANGULO LI 2 1/2" X 5/8"",PIEZA,"Acero y productos metalicos","ANGULO LI 2 1/2" X 5/8""
4715,"ANGULO LI 2" X 1/4"",PIEZA,"Acero y productos metalicos","ANGULO LI 2" X 1/4""
4707,"ARANDELA ESTRUCTURAL 1 1/2"",PIEZA,"Acero y productos metalicos","ARANDELA ESTRUCTURAL 1 1/2""
4709,"ARANDELA ESTRUCTURAL 3/4"",PIEZA,"Acero y productos metalicos","ARANDELA ESTRUCTURAL 3/4""
2919,"Canal CPS 10 pulgadas",PIEZA,"Acero y productos metalicos","Canal estructural 10in"
2920,"Canal CPS 12 pulgadas",PIEZA,"Acero y productos metalicos","Canal estructural 12in"
2916,"Canal CPS 4 pulgadas",PIEZA,"Acero y productos metalicos","Canal estructural 4in"
2917,"Canal CPS 6 pulgadas",PIEZA,"Acero y productos metalicos","Canal estructural 6in"
2918,"Canal CPS 8 pulgadas",PIEZA,"Acero y productos metalicos","Canal estructural 8in"
4723,"Cimbra de dados y armado de muros y parrilla en fosa de elevador",PIEZA,"Acero y productos metalicos","Cimbra de dados y armado de muros y parrilla en fosa de elev..."
4688,"Construccion caja de valvulas",PIEZA,"Acero y productos metalicos","Construccion caja de valvulas"
4719,"diafragmas",DIA,"Acero y productos metalicos","diafragmas"
4685,"H prefabricada de 1.50m de largo para tapa",PIEZA,"Acero y productos metalicos","H prefabricada de 1.50m de largo para tapa"
4690,"HSS 16" X 16" X 1/2"",PIEZA,"Acero y productos metalicos","HSS 16" X 16" X 1/2""
4693,"HSS 16" X 16" X 3/8"",PIEZA,"Acero y productos metalicos","HSS 16" X 16" X 3/8""
4692,"HSS 8" X 8" X 3/16"",PIEZA,"Acero y productos metalicos","HSS 8" X 8" X 3/16""
4700,"IPR 10" X 5 3/4" X 30 LB",PIEZA,"Acero y productos metalicos","IPR 10" X 5 3/4" X 30 LB"
4702,"IPR 12" X 10" X 58 LB",PIEZA,"Acero y productos metalicos","IPR 12" X 10" X 58 LB"
4701,"IPR 12" X 8" X 50 LB",PIEZA,"Acero y productos metalicos","IPR 12" X 8" X 50 LB"
4698,"IPR 16" X 10 1/4" X 67 LB",PIEZA,"Acero y productos metalicos","IPR 16" X 10 1/4" X 67 LB"
4695,"IPR 16" X 7" X 36 LB",PIEZA,"Acero y productos metalicos","IPR 16" X 7" X 36 LB"
4697,"IPR 18" X 11" X 106 LB",PIEZA,"Acero y productos metalicos","IPR 18" X 11" X 106 LB"
4696,"IPR 18" X 7 1/2" X 55 LB",PIEZA,"Acero y productos metalicos","IPR 18" X 7 1/2" X 55 LB"
4699,"IPR 18" X 7 1/2" X 71 LB",PIEZA,"Acero y productos metalicos","IPR 18" X 7 1/2" X 71 LB"
2898,"Malla 6x6-10/10 panel",PIEZA,"Acero y productos metalicos","Malla calibre 10/10"
2901,"Malla 6x6-4/4 panel",PIEZA,"Acero y productos metalicos","Malla calibre 4/4"
2900,"Malla 6x6-6/6 panel",PIEZA,"Acero y productos metalicos","Malla calibre 6/6"
2899,"Malla 6x6-8/8 panel",PIEZA,"Acero y productos metalicos","Malla calibre 8/8"
4686,"Marco y contramarco para caja de valvulas",PIEZA,"Acero y productos metalicos","Marco y contramarco para caja de valvulas"
4724,"MATERIALES REQUERIDOS PARA COLAR VARILLAS DE AMARRE",METRO_LINEAL,"Acero y productos metalicos","MATERIALES REQUERIDOS PARA COLAR VARILLAS DE AMARRE"
4689,"OC 14" X 1/2" X 72.16 LB/FT",PIEZA,"Acero y productos metalicos","OC 14" X 1/2" X 72.16 LB/FT"
4691,"OC 20" CED. 40 X 145.3 LB/FT",PIEZA,"Acero y productos metalicos","OC 20" CED. 40 X 145.3 LB/FT"
4385,"Perfil especial -105",PIEZA,"Acero y productos metalicos","Perfil estructural"
4375,"Perfil especial -115",PIEZA,"Acero y productos metalicos","Perfil estructural"
4365,"Perfil especial -125",PIEZA,"Acero y productos metalicos","Perfil estructural"
4355,"Perfil especial -135",PIEZA,"Acero y productos metalicos","Perfil estructural"
4345,"Perfil especial -145",PIEZA,"Acero y productos metalicos","Perfil estructural"
4475,"Perfil especial -15",PIEZA,"Acero y productos metalicos","Perfil estructural"
4335,"Perfil especial -155",PIEZA,"Acero y productos metalicos","Perfil estructural"
4325,"Perfil especial -165",PIEZA,"Acero y productos metalicos","Perfil estructural"
4315,"Perfil especial -175",PIEZA,"Acero y productos metalicos","Perfil estructural"
4305,"Perfil especial -185",PIEZA,"Acero y productos metalicos","Perfil estructural"
4295,"Perfil especial -195",PIEZA,"Acero y productos metalicos","Perfil estructural"
4285,"Perfil especial -205",PIEZA,"Acero y productos metalicos","Perfil estructural"
4275,"Perfil especial -215",PIEZA,"Acero y productos metalicos","Perfil estructural"
4265,"Perfil especial -225",PIEZA,"Acero y productos metalicos","Perfil estructural"
4255,"Perfil especial -235",PIEZA,"Acero y productos metalicos","Perfil estructural"
4245,"Perfil especial -245",PIEZA,"Acero y productos metalicos","Perfil estructural"
4465,"Perfil especial -25",PIEZA,"Acero y productos metalicos","Perfil estructural"
4235,"Perfil especial -255",PIEZA,"Acero y productos metalicos","Perfil estructural"
4225,"Perfil especial -265",PIEZA,"Acero y productos metalicos","Perfil estructural"
4215,"Perfil especial -275",PIEZA,"Acero y productos metalicos","Perfil estructural"
4205,"Perfil especial -285",PIEZA,"Acero y productos metalicos","Perfil estructural"
4195,"Perfil especial -295",PIEZA,"Acero y productos metalicos","Perfil estructural"
4185,"Perfil especial -305",PIEZA,"Acero y productos metalicos","Perfil estructural"
4175,"Perfil especial -315",PIEZA,"Acero y productos metalicos","Perfil estructural"
4165,"Perfil especial -325",PIEZA,"Acero y productos metalicos","Perfil estructural"
4155,"Perfil especial -335",PIEZA,"Acero y productos metalicos","Perfil estructural"
4145,"Perfil especial -345",PIEZA,"Acero y productos metalicos","Perfil estructural"
4455,"Perfil especial -35",PIEZA,"Acero y productos metalicos","Perfil estructural"
4135,"Perfil especial -355",PIEZA,"Acero y productos metalicos","Perfil estructural"
4125,"Perfil especial -365",PIEZA,"Acero y productos metalicos","Perfil estructural"
4115,"Perfil especial -375",PIEZA,"Acero y productos metalicos","Perfil estructural"
4105,"Perfil especial -385",PIEZA,"Acero y productos metalicos","Perfil estructural"
4095,"Perfil especial -395",PIEZA,"Acero y productos metalicos","Perfil estructural"
4085,"Perfil especial -405",PIEZA,"Acero y productos metalicos","Perfil estructural"
4075,"Perfil especial -415",PIEZA,"Acero y productos metalicos","Perfil estructural"
4065,"Perfil especial -425",PIEZA,"Acero y productos metalicos","Perfil estructural"
4055,"Perfil especial -435",PIEZA,"Acero y productos metalicos","Perfil estructural"
4045,"Perfil especial -445",PIEZA,"Acero y productos metalicos","Perfil estructural"
4445,"Perfil especial -45",PIEZA,"Acero y productos metalicos","Perfil estructural"
4035,"Perfil especial -455",PIEZA,"Acero y productos metalicos","Perfil estructural"
4025,"Perfil especial -465",PIEZA,"Acero y productos metalicos","Perfil estructural"
4015,"Perfil especial -475",PIEZA,"Acero y productos metalicos","Perfil estructural"
4005,"Perfil especial -485",PIEZA,"Acero y productos metalicos","Perfil estructural"
3995,"Perfil especial -495",PIEZA,"Acero y productos metalicos","Perfil estructural"
4485,"Perfil especial -5",PIEZA,"Acero y productos metalicos","Perfil estructural"
3985,"Perfil especial -505",PIEZA,"Acero y productos metalicos","Perfil estructural"
3975,"Perfil especial -515",PIEZA,"Acero y productos metalicos","Perfil estructural"
3965,"Perfil especial -525",PIEZA,"Acero y productos metalicos","Perfil estructural"
3955,"Perfil especial -535",PIEZA,"Acero y productos metalicos","Perfil estructural"
3945,"Perfil especial -545",PIEZA,"Acero y productos metalicos","Perfil estructural"
4435,"Perfil especial -55",PIEZA,"Acero y productos metalicos","Perfil estructural"
3935,"Perfil especial -555",PIEZA,"Acero y productos metalicos","Perfil estructural"
3925,"Perfil especial -565",PIEZA,"Acero y productos metalicos","Perfil estructural"
3915,"Perfil especial -575",PIEZA,"Acero y productos metalicos","Perfil estructural"
3905,"Perfil especial -585",PIEZA,"Acero y productos metalicos","Perfil estructural"
3895,"Perfil especial -595",PIEZA,"Acero y productos metalicos","Perfil estructural"
3885,"Perfil especial -605",PIEZA,"Acero y productos metalicos","Perfil estructural"
3875,"Perfil especial -615",PIEZA,"Acero y productos metalicos","Perfil estructural"
3865,"Perfil especial -625",PIEZA,"Acero y productos metalicos","Perfil estructural"
3855,"Perfil especial -635",PIEZA,"Acero y productos metalicos","Perfil estructural"
3845,"Perfil especial -645",PIEZA,"Acero y productos metalicos","Perfil estructural"
4425,"Perfil especial -65",PIEZA,"Acero y productos metalicos","Perfil estructural"
3835,"Perfil especial -655",PIEZA,"Acero y productos metalicos","Perfil estructural"
3825,"Perfil especial -665",PIEZA,"Acero y productos metalicos","Perfil estructural"
3815,"Perfil especial -675",PIEZA,"Acero y productos metalicos","Perfil estructural"
3805,"Perfil especial -685",PIEZA,"Acero y productos metalicos","Perfil estructural"
3795,"Perfil especial -695",PIEZA,"Acero y productos metalicos","Perfil estructural"
3785,"Perfil especial -705",PIEZA,"Acero y productos metalicos","Perfil estructural"
3775,"Perfil especial -715",PIEZA,"Acero y productos metalicos","Perfil estructural"
3765,"Perfil especial -725",PIEZA,"Acero y productos metalicos","Perfil estructural"
3755,"Perfil especial -735",PIEZA,"Acero y productos metalicos","Perfil estructural"
3745,"Perfil especial -745",PIEZA,"Acero y productos metalicos","Perfil estructural"
4415,"Perfil especial -75",PIEZA,"Acero y productos metalicos","Perfil estructural"
3735,"Perfil especial -755",PIEZA,"Acero y productos metalicos","Perfil estructural"
3725,"Perfil especial -765",PIEZA,"Acero y productos metalicos","Perfil estructural"
3715,"Perfil especial -775",PIEZA,"Acero y productos metalicos","Perfil estructural"
3705,"Perfil especial -785",PIEZA,"Acero y productos metalicos","Perfil estructural"
3695,"Perfil especial -795",PIEZA,"Acero y productos metalicos","Perfil estructural"
3685,"Perfil especial -805",PIEZA,"Acero y productos metalicos","Perfil estructural"
3675,"Perfil especial -815",PIEZA,"Acero y productos metalicos","Perfil estructural"
3665,"Perfil especial -825",PIEZA,"Acero y productos metalicos","Perfil estructural"
3655,"Perfil especial -835",PIEZA,"Acero y productos metalicos","Perfil estructural"
3645,"Perfil especial -845",PIEZA,"Acero y productos metalicos","Perfil estructural"
4405,"Perfil especial -85",PIEZA,"Acero y productos metalicos","Perfil estructural"
3635,"Perfil especial -855",PIEZA,"Acero y productos metalicos","Perfil estructural"
3625,"Perfil especial -865",PIEZA,"Acero y productos metalicos","Perfil estructural"
3615,"Perfil especial -875",PIEZA,"Acero y productos metalicos","Perfil estructural"
3605,"Perfil especial -885",PIEZA,"Acero y productos metalicos","Perfil estructural"
3595,"Perfil especial -895",PIEZA,"Acero y productos metalicos","Perfil estructural"
3585,"Perfil especial -905",PIEZA,"Acero y productos metalicos","Perfil estructural"
3575,"Perfil especial -915",PIEZA,"Acero y productos metalicos","Perfil estructural"
3565,"Perfil especial -925",PIEZA,"Acero y productos metalicos","Perfil estructural"
3555,"Perfil especial -935",PIEZA,"Acero y productos metalicos","Perfil estructural"
3545,"Perfil especial -945",PIEZA,"Acero y productos metalicos","Perfil estructural"
4395,"Perfil especial -95",PIEZA,"Acero y productos metalicos","Perfil estructural"
4505,"Perfil especial 15",PIEZA,"Acero y productos metalicos","Perfil estructural"
4515,"Perfil especial 25",PIEZA,"Acero y productos metalicos","Perfil estructural"
4525,"Perfil especial 35",PIEZA,"Acero y productos metalicos","Perfil estructural"
4535,"Perfil especial 45",PIEZA,"Acero y productos metalicos","Perfil estructural"
4495,"Perfil especial 5",PIEZA,"Acero y productos metalicos","Perfil estructural"
4545,"Perfil especial 55",PIEZA,"Acero y productos metalicos","Perfil estructural"
4555,"Perfil especial 65",PIEZA,"Acero y productos metalicos","Perfil estructural"
4565,"Perfil especial 75",PIEZA,"Acero y productos metalicos","Perfil estructural"
4575,"Perfil especial 85",PIEZA,"Acero y productos metalicos","Perfil estructural"
4585,"Perfil especial 95",PIEZA,"Acero y productos metalicos","Perfil estructural"
2912,"Perfil IPR 10x5.75",PIEZA,"Acero y productos metalicos","Viga I 10in"
2913,"Perfil IPR 12x6.5",PIEZA,"Acero y productos metalicos","Viga I 12in"
2914,"Perfil IPR 14x6.75",PIEZA,"Acero y productos metalicos","Viga I 14in"
2915,"Perfil IPR 16x7",PIEZA,"Acero y productos metalicos","Viga I 16in"
2909,"Perfil IPR 4x4",PIEZA,"Acero y productos metalicos","Viga I 4in"
2910,"Perfil IPR 6x4",PIEZA,"Acero y productos metalicos","Viga I 6in"
2911,"Perfil IPR 8x4",PIEZA,"Acero y productos metalicos","Viga I 8in"
2966,"Perno J anclaje 1/2x12",PIEZA,"Acero y productos metalicos","Gancho J 1/2in"
2969,"Perno J anclaje 1x30",PIEZA,"Acero y productos metalicos","Gancho J 1in"
2968,"Perno J anclaje 3/4x24",PIEZA,"Acero y productos metalicos","Gancho J 3/4in"
2967,"Perno J anclaje 5/8x18",PIEZA,"Acero y productos metalicos","Gancho J 5/8in"
4710,"PLACA 1 1/8"",PIEZA,"Acero y productos metalicos","PLACA 1 1/8""
4703,"PLACA 1"",PIEZA,"Acero y productos metalicos","PLACA 1""
4704,"PLACA 1/2"",PIEZA,"Acero y productos metalicos","PLACA 1/2""
4705,"PLACA 3/4"",PIEZA,"Acero y productos metalicos","PLACA 3/4""
4711,"PLACA 5/8"",PIEZA,"Acero y productos metalicos","PLACA 5/8""
2960,"Placa A36 1 pulgada",KILOGRAMO,"Acero y productos metalicos","Estructural 1in"
2957,"Placa A36 1/2 pulgada",KILOGRAMO,"Acero y productos metalicos","Estructural 1/2in"
2955,"Placa A36 1/4 pulgada",KILOGRAMO,"Acero y productos metalicos","Estructural 1/4in"
2959,"Placa A36 3/4 pulgada",KILOGRAMO,"Acero y productos metalicos","Estructural 3/4in"
2956,"Placa A36 3/8 pulgada",KILOGRAMO,"Acero y productos metalicos","Estructural 3/8in"
2958,"Placa A36 5/8 pulgada",KILOGRAMO,"Acero y productos metalicos","Estructural 5/8in"
4718,"placas conexion a momento y cortante",PIEZA,"Acero y productos metalicos","placas conexion a momento y cortante"
2926,"PTR 1 1/2x1 1/2 cal 11",PIEZA,"Acero y productos metalicos","Cuadrado 1 1/2x1 1/2in cal 11"
2925,"PTR 1 1/2x1 1/2 cal 12",PIEZA,"Acero y productos metalicos","Cuadrado 1 1/2x1 1/2in cal 12"
2924,"PTR 1 1/2x1 1/2 cal 14",PIEZA,"Acero y productos metalicos","Cuadrado 1 1/2x1 1/2in cal 14"
2923,"PTR 1x1 cal 11",PIEZA,"Acero y productos metalicos","Cuadrado 1x1in cal 11"
2922,"PTR 1x1 cal 12",PIEZA,"Acero y productos metalicos","Cuadrado 1x1in cal 12"
2921,"PTR 1x1 cal 14",PIEZA,"Acero y productos metalicos","Cuadrado 1x1in cal 14"
2932,"PTR 2 1/2x2 1/2 cal 11",PIEZA,"Acero y productos metalicos","Cuadrado 2 1/2x2 1/2in cal 11"
2931,"PTR 2 1/2x2 1/2 cal 12",PIEZA,"Acero y productos metalicos","Cuadrado 2 1/2x2 1/2in cal 12"
2930,"PTR 2 1/2x2 1/2 cal 14",PIEZA,"Acero y productos metalicos","Cuadrado 2 1/2x2 1/2in cal 14"
2929,"PTR 2x2 cal 11",PIEZA,"Acero y productos metalicos","Cuadrado 2x2in cal 11"
2928,"PTR 2x2 cal 12",PIEZA,"Acero y productos metalicos","Cuadrado 2x2in cal 12"
2927,"PTR 2x2 cal 14",PIEZA,"Acero y productos metalicos","Cuadrado 2x2in cal 14"
2935,"PTR 3x3 cal 11",PIEZA,"Acero y productos metalicos","Cuadrado 3x3in cal 11"
2934,"PTR 3x3 cal 12",PIEZA,"Acero y productos metalicos","Cuadrado 3x3in cal 12"
2933,"PTR 3x3 cal 14",PIEZA,"Acero y productos metalicos","Cuadrado 3x3in cal 14"
4694,"PTR 4" X 4" X 1/4"",PIEZA,"Acero y productos metalicos","PTR 4" X 4" X 1/4""
2938,"PTR 4x4 cal 11",PIEZA,"Acero y productos metalicos","Cuadrado 4x4in cal 11"
2937,"PTR 4x4 cal 12",PIEZA,"Acero y productos metalicos","Cuadrado 4x4in cal 12"
2936,"PTR 4x4 cal 14",PIEZA,"Acero y productos metalicos","Cuadrado 4x4in cal 14"
2940,"PTR rectangular 3x2 cal 14",PIEZA,"Acero y productos metalicos","Rectangular 3x2in"
2939,"PTR rectangular 4x2 cal 14",PIEZA,"Acero y productos metalicos","Rectangular 4x2in"
2941,"PTR rectangular 4x3 cal 14",PIEZA,"Acero y productos metalicos","Rectangular 4x3in"
2942,"PTR rectangular 6x2 cal 14",PIEZA,"Acero y productos metalicos","Rectangular 6x2in"
2943,"PTR rectangular 6x4 cal 14",PIEZA,"Acero y productos metalicos","Rectangular 6x4in"
4684,"pza armex reforzado",PIEZA,"Acero y productos metalicos","pza armex reforzado"
4725,"PZA VARILLA 1/2" Y 50 KG ALAMBRE Y .48 CLAVO CONCRETO 1 1/2"",METRO_LINEAL,"Acero y productos metalicos","PZA VARILLA 1/2" Y 50 KG ALAMBRE Y .48 CLAVO CONCRETO 1 1/2""
2977,"Rondana plana 1/2",PIEZA,"Acero y productos metalicos","Distribucion 1/2"
2983,"Rondana plana 3/4",PIEZA,"Acero y productos metalicos","Distribucion 3/4"
2980,"Rondana plana 5/8",PIEZA,"Acero y productos metalicos","Distribucion 5/8"
2978,"Rondana presion 1/2",PIEZA,"Acero y productos metalicos","Seguridad 1/2"
2984,"Rondana presion 3/4",PIEZA,"Acero y productos metalicos","Seguridad 3/4"
2981,"Rondana presion 5/8",PIEZA,"Acero y productos metalicos","Seguridad 5/8"
2951,"Solera 1 1/2x3/16",PIEZA,"Acero y productos metalicos","Planchuela 1.5in"
2950,"Solera 1x1/8",PIEZA,"Acero y productos metalicos","Planchuela 1in"
2952,"Solera 2x1/4",PIEZA,"Acero y productos metalicos","Planchuela 2in"
2953,"Solera 3x1/4",PIEZA,"Acero y productos metalicos","Planchuela 3in"
2954,"Solera 4x1/4",PIEZA,"Acero y productos metalicos","Planchuela 4in"
4721,"Supervision nos dio la indicacion de ultimo momento de anclar las varillas al mu",METRO_LINEAL,"Acero y productos metalicos","Supervision nos dio la indicacion de ultimo momento de ancla..."
2970,"Tornillo A325 1/2x1 1/2",PIEZA,"Acero y productos metalicos","Alta resistencia 1/2in"
2971,"Tornillo A325 1/2x2",PIEZA,"Acero y productos metalicos","Alta resistencia 1/2in"
2974,"Tornillo A325 3/4x2 1/2",PIEZA,"Acero y productos metalicos","Alta resistencia 3/4in"
2975,"Tornillo A325 3/4x3",PIEZA,"Acero y productos metalicos","Alta resistencia 3/4in"
2972,"Tornillo A325 5/8x2",PIEZA,"Acero y productos metalicos","Alta resistencia 5/8in"
2973,"Tornillo A325 5/8x2 1/2",PIEZA,"Acero y productos metalicos","Alta resistencia 5/8in"
4687,"Tramo de 12 metros de varilla de 1/2"",METRO_LINEAL,"Acero y productos metalicos","Tramo de 12 metros de varilla de 1/2""
4706,"TUERCA ESTRUCTURAL 1 1/2"",PIEZA,"Acero y productos metalicos","TUERCA ESTRUCTURAL 1 1/2""
4708,"TUERCA ESTRUCTURAL 3/4"",PIEZA,"Acero y productos metalicos","TUERCA ESTRUCTURAL 3/4""
2976,"Tuerca grado 5 1/2",PIEZA,"Acero y productos metalicos","Complemento 1/2"
2982,"Tuerca grado 5 3/4",PIEZA,"Acero y productos metalicos","Complemento 3/4"
2979,"Tuerca grado 5 5/8",PIEZA,"Acero y productos metalicos","Complemento 5/8"
2893,"Varilla 1 1/2 No.12 grado 42 tonelada",TONELADA,"Acero y productos metalicos","Varilla No.12 refuerzo"
2894,"Varilla 1 1/2 No.12 pieza 12m",PIEZA,"Acero y productos metalicos","Varilla No.12 pieza"
2891,"Varilla 1 1/4 No.10 grado 42 tonelada",TONELADA,"Acero y productos metalicos","Varilla No.10 refuerzo"
2892,"Varilla 1 1/4 No.10 pieza 12m",PIEZA,"Acero y productos metalicos","Varilla No.10 pieza"
2889,"Varilla 1 No.8 grado 42 tonelada",TONELADA,"Acero y productos metalicos","Varilla No.8 refuerzo"
2890,"Varilla 1 No.8 pieza 12m",PIEZA,"Acero y productos metalicos","Varilla No.8 pieza"
2883,"Varilla 1/2 No.4 grado 42 tonelada",TONELADA,"Acero y productos metalicos","Varilla No.4 refuerzo"
2884,"Varilla 1/2 No.4 pieza 12m",PIEZA,"Acero y productos metalicos","Varilla No.4 pieza"
2887,"Varilla 3/4 No.6 grado 42 tonelada",TONELADA,"Acero y productos metalicos","Varilla No.6 refuerzo"
2888,"Varilla 3/4 No.6 pieza 12m",PIEZA,"Acero y productos metalicos","Varilla No.6 pieza"
2881,"Varilla 3/8 No.3 grado 42 tonelada",TONELADA,"Acero y productos metalicos","Varilla No.3 refuerzo"
2882,"Varilla 3/8 No.3 pieza 12m",PIEZA,"Acero y productos metalicos","Varilla No.3 pieza"
2885,"Varilla 5/8 No.5 grado 42 tonelada",TONELADA,"Acero y productos metalicos","Varilla No.5 refuerzo"
2886,"Varilla 5/8 No.5 pieza 12m",PIEZA,"Acero y productos metalicos","Varilla No.5 pieza"
2895,"Varilla lisa 1/4 alambron tonelada",TONELADA,"Acero y productos metalicos","Estribos anillos"
2896,"Varilla lisa 1/4 pieza 6m",PIEZA,"Acero y productos metalicos","Alambron pieza"
2897,"Varilla lisa 3/8 pieza 6m",PIEZA,"Acero y productos metalicos","Redonda lisa"
4722,"varillas de acero No. 3 (3/8)",METRO_LINEAL,"Acero y productos metalicos","varillas de acero No. 3 (3/8)"
4720,"vigas principales) 107 ton aprox",TONELADA,"Acero y productos metalicos","vigas principales) 107 ton aprox"
2740,"Arena amarilla",METRO_CUBICO,"Agregados y materiales de banco","Arena fina junteo"
2737,"Arena de mina",METRO_CUBICO,"Agregados y materiales de banco","Arena gruesa morteros"
2736,"Arena de rio cribada",METRO_CUBICO,"Agregados y materiales de banco","Arena lavada concretos"
2741,"Arena gruesa",METRO_CUBICO,"Agregados y materiales de banco","Arena morteros"
2738,"Arena manufacturada",METRO_CUBICO,"Agregados y materiales de banco","Arena triturada"
2744,"Arena Ottawa saco 25kg",SACO_25KG,"Agregados y materiales de banco","Arena laboratorio"
2739,"Arena silica 20-40",METRO_CUBICO,"Agregados y materiales de banco","Arena filtros"
2743,"Arena viaje 14 m3",VIAJE_14M3,"Agregados y materiales de banco","Arena viaje grande"
2742,"Arena viaje 6 m3",VIAJE_6M3,"Agregados y materiales de banco","Arena cribada viaje"
2796,"Asfalto fresado RAP",METRO_CUBICO,"Agregados y materiales de banco","Reciclado asfaltico"
2786,"Balasto graduado",METRO_CUBICO,"Agregados y materiales de banco","Granulometria controlada"
2785,"Balasto vias ferreas",METRO_CUBICO,"Agregados y materiales de banco","Piedra triturada vias"
2766,"Base estabilizada cal",METRO_CUBICO,"Agregados y materiales de banco","Base estabilizada cal pavimentos"
2767,"Base estabilizada cal viaje 6 m3",VIAJE_6M3,"Agregados y materiales de banco","Viaje base estabilizada cal"
2768,"Base estabilizada cemento",METRO_CUBICO,"Agregados y materiales de banco","Base estabilizada cemento pavimentos"
2769,"Base estabilizada cemento viaje 6 m3",VIAJE_6M3,"Agregados y materiales de banco","Viaje base estabilizada cemento"
2762,"Base hidraulica caliza",METRO_CUBICO,"Agregados y materiales de banco","Base hidraulica caliza pavimentos"
2763,"Base hidraulica caliza viaje 6 m3",VIAJE_6M3,"Agregados y materiales de banco","Viaje base hidraulica caliza"
2760,"Base hidraulica TMA",METRO_CUBICO,"Agregados y materiales de banco","Base hidraulica TMA pavimentos"
2761,"Base hidraulica TMA viaje 6 m3",VIAJE_6M3,"Agregados y materiales de banco","Viaje base hidraulica TMA"
2764,"Base negra con asfalto",METRO_CUBICO,"Agregados y materiales de banco","Base negra con asfalto pavimentos"
2765,"Base negra con asfalto viaje 6 m3",VIAJE_6M3,"Agregados y materiales de banco","Viaje base negra con asfalto"
2795,"Concreto triturado",METRO_CUBICO,"Agregados y materiales de banco","Demolido reciclado"
2731,"Grava 1 1/2 viaje 14 m3",VIAJE_14M3,"Agregados y materiales de banco","Viaje grava 1 1/2 grande"
2730,"Grava 1 1/2 viaje 6 m3",VIAJE_6M3,"Agregados y materiales de banco","Viaje grava 1 1/2"
2727,"Grava 1 viaje 14 m3",VIAJE_14M3,"Agregados y materiales de banco","Viaje grava 1 grande"
2726,"Grava 1 viaje 6 m3",VIAJE_6M3,"Agregados y materiales de banco","Viaje grava 1"
2719,"Grava 1/2 viaje 14 m3",VIAJE_14M3,"Agregados y materiales de banco","Viaje grava 1/2 grande"
2718,"Grava 1/2 viaje 6 m3",VIAJE_6M3,"Agregados y materiales de banco","Viaje grava 1/2"
2735,"Grava 2 viaje 14 m3",VIAJE_14M3,"Agregados y materiales de banco","Viaje grava 2 grande"
2734,"Grava 2 viaje 6 m3",VIAJE_6M3,"Agregados y materiales de banco","Viaje grava 2"
2723,"Grava 3/4 viaje 14 m3",VIAJE_14M3,"Agregados y materiales de banco","Viaje grava 3/4 grande"
2722,"Grava 3/4 viaje 6 m3",VIAJE_6M3,"Agregados y materiales de banco","Viaje grava 3/4"
2715,"Grava 3/8 viaje 14 m3",VIAJE_14M3,"Agregados y materiales de banco","Viaje grava 3/8 grande"
2714,"Grava 3/8 viaje 6 m3",VIAJE_6M3,"Agregados y materiales de banco","Viaje grava 3/8"
2729,"Grava de rio 1 1/2 pulgada",METRO_CUBICO,"Agregados y materiales de banco","Grava redondeada 1 1/2in"
2725,"Grava de rio 1 pulgada",METRO_CUBICO,"Agregados y materiales de banco","Grava redondeada 1in"
2717,"Grava de rio 1/2 pulgada",METRO_CUBICO,"Agregados y materiales de banco","Grava redondeada 1/2in"
2733,"Grava de rio 2 pulgada",METRO_CUBICO,"Agregados y materiales de banco","Grava redondeada 2in"
2721,"Grava de rio 3/4 pulgada",METRO_CUBICO,"Agregados y materiales de banco","Grava redondeada 3/4in"
2713,"Grava de rio 3/8 pulgada",METRO_CUBICO,"Agregados y materiales de banco","Grava redondeada 3/8in"
4383,"Grava especial -105",METRO_CUBICO,"Agregados y materiales de banco","Agregado especial"
4373,"Grava especial -115",METRO_CUBICO,"Agregados y materiales de banco","Agregado especial"
4363,"Grava especial -125",METRO_CUBICO,"Agregados y materiales de banco","Agregado especial"
4353,"Grava especial -135",METRO_CUBICO,"Agregados y materiales de banco","Agregado especial"
4343,"Grava especial -145",METRO_CUBICO,"Agregados y materiales de banco","Agregado especial"
4473,"Grava especial -15",METRO_CUBICO,"Agregados y materiales de banco","Agregado especial"
4333,"Grava especial -155",METRO_CUBICO,"Agregados y materiales de banco","Agregado especial"
4323,"Grava especial -165",METRO_CUBICO,"Agregados y materiales de banco","Agregado especial"
4313,"Grava especial -175",METRO_CUBICO,"Agregados y materiales de banco","Agregado especial"
4303,"Grava especial -185",METRO_CUBICO,"Agregados y materiales de banco","Agregado especial"
4293,"Grava especial -195",METRO_CUBICO,"Agregados y materiales de banco","Agregado especial"
4283,"Grava especial -205",METRO_CUBICO,"Agregados y materiales de banco","Agregado especial"
4273,"Grava especial -215",METRO_CUBICO,"Agregados y materiales de banco","Agregado especial"
4263,"Grava especial -225",METRO_CUBICO,"Agregados y materiales de banco","Agregado especial"
4253,"Grava especial -235",METRO_CUBICO,"Agregados y materiales de banco","Agregado especial"
4243,"Grava especial -245",METRO_CUBICO,"Agregados y materiales de banco","Agregado especial"
4463,"Grava especial -25",METRO_CUBICO,"Agregados y materiales de banco","Agregado especial"
4233,"Grava especial -255",METRO_CUBICO,"Agregados y materiales de banco","Agregado especial"
4223,"Grava especial -265",METRO_CUBICO,"Agregados y materiales de banco","Agregado especial"
4213,"Grava especial -275",METRO_CUBICO,"Agregados y materiales de banco","Agregado especial"
4203,"Grava especial -285",METRO_CUBICO,"Agregados y materiales de banco","Agregado especial"
4193,"Grava especial -295",METRO_CUBICO,"Agregados y materiales de banco","Agregado especial"
4183,"Grava especial -305",METRO_CUBICO,"Agregados y materiales de banco","Agregado especial"
4173,"Grava especial -315",METRO_CUBICO,"Agregados y materiales de banco","Agregado especial"
4163,"Grava especial -325",METRO_CUBICO,"Agregados y materiales de banco","Agregado especial"
4153,"Grava especial -335",METRO_CUBICO,"Agregados y materiales de banco","Agregado especial"
4143,"Grava especial -345",METRO_CUBICO,"Agregados y materiales de banco","Agregado especial"
4453,"Grava especial -35",METRO_CUBICO,"Agregados y materiales de banco","Agregado especial"
4133,"Grava especial -355",METRO_CUBICO,"Agregados y materiales de banco","Agregado especial"
4123,"Grava especial -365",METRO_CUBICO,"Agregados y materiales de banco","Agregado especial"
4113,"Grava especial -375",METRO_CUBICO,"Agregados y materiales de banco","Agregado especial"
4103,"Grava especial -385",METRO_CUBICO,"Agregados y materiales de banco","Agregado especial"
4093,"Grava especial -395",METRO_CUBICO,"Agregados y materiales de banco","Agregado especial"
4083,"Grava especial -405",METRO_CUBICO,"Agregados y materiales de banco","Agregado especial"
4073,"Grava especial -415",METRO_CUBICO,"Agregados y materiales de banco","Agregado especial"
4063,"Grava especial -425",METRO_CUBICO,"Agregados y materiales de banco","Agregado especial"
4053,"Grava especial -435",METRO_CUBICO,"Agregados y materiales de banco","Agregado especial"
4043,"Grava especial -445",METRO_CUBICO,"Agregados y materiales de banco","Agregado especial"
4443,"Grava especial -45",METRO_CUBICO,"Agregados y materiales de banco","Agregado especial"
4033,"Grava especial -455",METRO_CUBICO,"Agregados y materiales de banco","Agregado especial"
4023,"Grava especial -465",METRO_CUBICO,"Agregados y materiales de banco","Agregado especial"
4013,"Grava especial -475",METRO_CUBICO,"Agregados y materiales de banco","Agregado especial"
4003,"Grava especial -485",METRO_CUBICO,"Agregados y materiales de banco","Agregado especial"
3993,"Grava especial -495",METRO_CUBICO,"Agregados y materiales de banco","Agregado especial"
4483,"Grava especial -5",METRO_CUBICO,"Agregados y materiales de banco","Agregado especial"
3983,"Grava especial -505",METRO_CUBICO,"Agregados y materiales de banco","Agregado especial"
3973,"Grava especial -515",METRO_CUBICO,"Agregados y materiales de banco","Agregado especial"
3963,"Grava especial -525",METRO_CUBICO,"Agregados y materiales de banco","Agregado especial"
3953,"Grava especial -535",METRO_CUBICO,"Agregados y materiales de banco","Agregado especial"
3943,"Grava especial -545",METRO_CUBICO,"Agregados y materiales de banco","Agregado especial"
4433,"Grava especial -55",METRO_CUBICO,"Agregados y materiales de banco","Agregado especial"
3933,"Grava especial -555",METRO_CUBICO,"Agregados y materiales de banco","Agregado especial"
3923,"Grava especial -565",METRO_CUBICO,"Agregados y materiales de banco","Agregado especial"
3913,"Grava especial -575",METRO_CUBICO,"Agregados y materiales de banco","Agregado especial"
3903,"Grava especial -585",METRO_CUBICO,"Agregados y materiales de banco","Agregado especial"
3893,"Grava especial -595",METRO_CUBICO,"Agregados y materiales de banco","Agregado especial"
3883,"Grava especial -605",METRO_CUBICO,"Agregados y materiales de banco","Agregado especial"
3873,"Grava especial -615",METRO_CUBICO,"Agregados y materiales de banco","Agregado especial"
3863,"Grava especial -625",METRO_CUBICO,"Agregados y materiales de banco","Agregado especial"
3853,"Grava especial -635",METRO_CUBICO,"Agregados y materiales de banco","Agregado especial"
3843,"Grava especial -645",METRO_CUBICO,"Agregados y materiales de banco","Agregado especial"
4423,"Grava especial -65",METRO_CUBICO,"Agregados y materiales de banco","Agregado especial"
3833,"Grava especial -655",METRO_CUBICO,"Agregados y materiales de banco","Agregado especial"
3823,"Grava especial -665",METRO_CUBICO,"Agregados y materiales de banco","Agregado especial"
3813,"Grava especial -675",METRO_CUBICO,"Agregados y materiales de banco","Agregado especial"
3803,"Grava especial -685",METRO_CUBICO,"Agregados y materiales de banco","Agregado especial"
3793,"Grava especial -695",METRO_CUBICO,"Agregados y materiales de banco","Agregado especial"
3783,"Grava especial -705",METRO_CUBICO,"Agregados y materiales de banco","Agregado especial"
3773,"Grava especial -715",METRO_CUBICO,"Agregados y materiales de banco","Agregado especial"
3763,"Grava especial -725",METRO_CUBICO,"Agregados y materiales de banco","Agregado especial"
3753,"Grava especial -735",METRO_CUBICO,"Agregados y materiales de banco","Agregado especial"
3743,"Grava especial -745",METRO_CUBICO,"Agregados y materiales de banco","Agregado especial"
4413,"Grava especial -75",METRO_CUBICO,"Agregados y materiales de banco","Agregado especial"
3733,"Grava especial -755",METRO_CUBICO,"Agregados y materiales de banco","Agregado especial"
3723,"Grava especial -765",METRO_CUBICO,"Agregados y materiales de banco","Agregado especial"
3713,"Grava especial -775",METRO_CUBICO,"Agregados y materiales de banco","Agregado especial"
3703,"Grava especial -785",METRO_CUBICO,"Agregados y materiales de banco","Agregado especial"
3693,"Grava especial -795",METRO_CUBICO,"Agregados y materiales de banco","Agregado especial"
3683,"Grava especial -805",METRO_CUBICO,"Agregados y materiales de banco","Agregado especial"
3673,"Grava especial -815",METRO_CUBICO,"Agregados y materiales de banco","Agregado especial"
3663,"Grava especial -825",METRO_CUBICO,"Agregados y materiales de banco","Agregado especial"
3653,"Grava especial -835",METRO_CUBICO,"Agregados y materiales de banco","Agregado especial"
3643,"Grava especial -845",METRO_CUBICO,"Agregados y materiales de banco","Agregado especial"
4403,"Grava especial -85",METRO_CUBICO,"Agregados y materiales de banco","Agregado especial"
3633,"Grava especial -855",METRO_CUBICO,"Agregados y materiales de banco","Agregado especial"
3623,"Grava especial -865",METRO_CUBICO,"Agregados y materiales de banco","Agregado especial"
3613,"Grava especial -875",METRO_CUBICO,"Agregados y materiales de banco","Agregado especial"
3603,"Grava especial -885",METRO_CUBICO,"Agregados y materiales de banco","Agregado especial"
3593,"Grava especial -895",METRO_CUBICO,"Agregados y materiales de banco","Agregado especial"
3583,"Grava especial -905",METRO_CUBICO,"Agregados y materiales de banco","Agregado especial"
3573,"Grava especial -915",METRO_CUBICO,"Agregados y materiales de banco","Agregado especial"
3563,"Grava especial -925",METRO_CUBICO,"Agregados y materiales de banco","Agregado especial"
3553,"Grava especial -935",METRO_CUBICO,"Agregados y materiales de banco","Agregado especial"
3543,"Grava especial -945",METRO_CUBICO,"Agregados y materiales de banco","Agregado especial"
4393,"Grava especial -95",METRO_CUBICO,"Agregados y materiales de banco","Agregado especial"
4503,"Grava especial 15",METRO_CUBICO,"Agregados y materiales de banco","Agregado especial"
4513,"Grava especial 25",METRO_CUBICO,"Agregados y materiales de banco","Agregado especial"
4523,"Grava especial 35",METRO_CUBICO,"Agregados y materiales de banco","Agregado especial"
4533,"Grava especial 45",METRO_CUBICO,"Agregados y materiales de banco","Agregado especial"
4493,"Grava especial 5",METRO_CUBICO,"Agregados y materiales de banco","Agregado especial"
4543,"Grava especial 55",METRO_CUBICO,"Agregados y materiales de banco","Agregado especial"
4553,"Grava especial 65",METRO_CUBICO,"Agregados y materiales de banco","Agregado especial"
4563,"Grava especial 75",METRO_CUBICO,"Agregados y materiales de banco","Agregado especial"
4573,"Grava especial 85",METRO_CUBICO,"Agregados y materiales de banco","Agregado especial"
4583,"Grava especial 95",METRO_CUBICO,"Agregados y materiales de banco","Agregado especial"
2728,"Grava triturada 1 1/2 pulgada",METRO_CUBICO,"Agregados y materiales de banco","Grava grueso 1 1/2in"
2724,"Grava triturada 1 pulgada",METRO_CUBICO,"Agregados y materiales de banco","Grava grueso 1in"
2716,"Grava triturada 1/2 pulgada",METRO_CUBICO,"Agregados y materiales de banco","Grava grueso 1/2in"
2732,"Grava triturada 2 pulgada",METRO_CUBICO,"Agregados y materiales de banco","Grava grueso 2in"
2720,"Grava triturada 3/4 pulgada",METRO_CUBICO,"Agregados y materiales de banco","Grava grueso 3/4in"
2712,"Grava triturada 3/8 pulgada",METRO_CUBICO,"Agregados y materiales de banco","Grava grueso 3/8in"
2793,"Jal compactable",METRO_CUBICO,"Agregados y materiales de banco","Volcanico rellenos"
2794,"Jal cribado",METRO_CUBICO,"Agregados y materiales de banco","Sin piedras grandes"
2751,"Material banco selecto",METRO_CUBICO,"Agregados y materiales de banco","Material banco selecto rellenos"
2753,"Material banco selecto viaje 14 m3",VIAJE_14M3,"Agregados y materiales de banco","Viaje grande material banco selecto"
2752,"Material banco selecto viaje 6 m3",VIAJE_6M3,"Agregados y materiales de banco","Viaje material banco selecto"
2754,"Material cribado",METRO_CUBICO,"Agregados y materiales de banco","Material cribado rellenos"
2756,"Material cribado viaje 14 m3",VIAJE_14M3,"Agregados y materiales de banco","Viaje grande material cribado"
2755,"Material cribado viaje 6 m3",VIAJE_6M3,"Agregados y materiales de banco","Viaje material cribado"
2778,"Piedra bola 4-8 pulgadas",METRO_CUBICO,"Agregados y materiales de banco","Piedra gaviones"
2779,"Piedra braza",METRO_CUBICO,"Agregados y materiales de banco","Piedra mamposteria"
2782,"Piedra escollera",METRO_CUBICO,"Agregados y materiales de banco","Piedra taludes"
2780,"Piedra laja",METRO_CUBICO,"Agregados y materiales de banco","Piedra decorativa"
2784,"Piedra mampuesto",METRO_CUBICO,"Agregados y materiales de banco","Piedra muros"
2783,"Piedra quintilla",METRO_CUBICO,"Agregados y materiales de banco","Piedra gaviones"
2781,"Piedra rajon",METRO_CUBICO,"Agregados y materiales de banco","Piedra rellenos"
2774,"Sub-base con cal",METRO_CUBICO,"Agregados y materiales de banco","Sub-base con cal caminos"
2775,"Sub-base con cal viaje 6 m3",VIAJE_6M3,"Agregados y materiales de banco","Viaje sub-base con cal"
2776,"Sub-base con cemento",METRO_CUBICO,"Agregados y materiales de banco","Sub-base con cemento caminos"
2777,"Sub-base con cemento viaje 6 m3",VIAJE_6M3,"Agregados y materiales de banco","Viaje sub-base con cemento"
2772,"Sub-base cribada",METRO_CUBICO,"Agregados y materiales de banco","Sub-base cribada caminos"
2773,"Sub-base cribada viaje 6 m3",VIAJE_6M3,"Agregados y materiales de banco","Viaje sub-base cribada"
2770,"Sub-base granular",METRO_CUBICO,"Agregados y materiales de banco","Sub-base granular caminos"
2771,"Sub-base granular viaje 6 m3",VIAJE_6M3,"Agregados y materiales de banco","Viaje sub-base granular"
2745,"Tepetate compactable",METRO_CUBICO,"Agregados y materiales de banco","Tepetate compactable rellenos"
2747,"Tepetate compactable viaje 14 m3",VIAJE_14M3,"Agregados y materiales de banco","Viaje grande tepetate compactable"
2746,"Tepetate compactable viaje 6 m3",VIAJE_6M3,"Agregados y materiales de banco","Viaje tepetate compactable"
2748,"Tepetate cribado",METRO_CUBICO,"Agregados y materiales de banco","Tepetate cribado rellenos"
2750,"Tepetate cribado viaje 14 m3",VIAJE_14M3,"Agregados y materiales de banco","Viaje grande tepetate cribado"
2749,"Tepetate cribado viaje 6 m3",VIAJE_6M3,"Agregados y materiales de banco","Viaje tepetate cribado"
2791,"Tezontle cafe",METRO_CUBICO,"Agregados y materiales de banco","Volcanica cafe"
2792,"Tezontle cafe viaje 6 m3",VIAJE_6M3,"Agregados y materiales de banco","Viaje tezontle cafe"
2789,"Tezontle negro",METRO_CUBICO,"Agregados y materiales de banco","Volcanica negro"
2790,"Tezontle negro viaje 6 m3",VIAJE_6M3,"Agregados y materiales de banco","Viaje tezontle negro"
2787,"Tezontle rojo",METRO_CUBICO,"Agregados y materiales de banco","Volcanica rojo"
2788,"Tezontle rojo viaje 6 m3",VIAJE_6M3,"Agregados y materiales de banco","Viaje tezontle rojo"
2757,"Tierra arcillosa",METRO_CUBICO,"Agregados y materiales de banco","Tierra arcillosa rellenos"
2759,"Tierra arcillosa viaje 14 m3",VIAJE_14M3,"Agregados y materiales de banco","Viaje grande tierra arcillosa"
2758,"Tierra arcillosa viaje 6 m3",VIAJE_6M3,"Agregados y materiales de banco","Viaje tierra arcillosa"
2798,"Tierra negra",METRO_CUBICO,"Agregados y materiales de banco","Rica nutrientes"
2797,"Tierra vegetal cribada",METRO_CUBICO,"Agregados y materiales de banco","Areas verdes"
4647,"- Diesel Retro CAT",PIEZA,"Combustibles y lubricantes","- Diesel Retro CAT"
4644,"- Diesel Retro JCB",PIEZA,"Combustibles y lubricantes","- Diesel Retro JCB"
4648,"- Mini cargador",PIEZA,"Combustibles y lubricantes","- Mini cargador"
2596,"Aceite 10W-30 CI-4 cubeta",CUBETA_19L,"Combustibles y lubricantes","Motor diesel CI-4"
2597,"Aceite 10W-30 CI-4 tambor",TAMBOR_200L,"Combustibles y lubricantes","Motor diesel CI-4 tambor"
2598,"Aceite 10W-30 CK-4 cubeta",CUBETA_19L,"Combustibles y lubricantes","Motor diesel CK-4"
2599,"Aceite 10W-30 CK-4 tambor",TAMBOR_200L,"Combustibles y lubricantes","Motor diesel CK-4 tambor"
2600,"Aceite 10W-40 CI-4 cubeta",CUBETA_19L,"Combustibles y lubricantes","Motor diesel CI-4"
2601,"Aceite 10W-40 CI-4 tambor",TAMBOR_200L,"Combustibles y lubricantes","Motor diesel CI-4 tambor"
2602,"Aceite 10W-40 CK-4 cubeta",CUBETA_19L,"Combustibles y lubricantes","Motor diesel CK-4"
2603,"Aceite 10W-40 CK-4 tambor",TAMBOR_200L,"Combustibles y lubricantes","Motor diesel CK-4 tambor"
2592,"Aceite 15W-40 CI-4 cubeta",CUBETA_19L,"Combustibles y lubricantes","Motor diesel CI-4"
2593,"Aceite 15W-40 CI-4 tambor",TAMBOR_200L,"Combustibles y lubricantes","Motor diesel CI-4 tambor"
2594,"Aceite 15W-40 CK-4 cubeta",CUBETA_19L,"Combustibles y lubricantes","Motor diesel CK-4"
2595,"Aceite 15W-40 CK-4 tambor",TAMBOR_200L,"Combustibles y lubricantes","Motor diesel CK-4 tambor"
2711,"Aceite 2 tiempos cubeta",CUBETA_19L,"Combustibles y lubricantes","Aceite para motores pequeños"
2604,"Aceite 20W-50 CI-4 cubeta",CUBETA_19L,"Combustibles y lubricantes","Motor diesel CI-4"
2605,"Aceite 20W-50 CI-4 tambor",TAMBOR_200L,"Combustibles y lubricantes","Motor diesel CI-4 tambor"
2606,"Aceite 20W-50 CK-4 cubeta",CUBETA_19L,"Combustibles y lubricantes","Motor diesel CK-4"
2607,"Aceite 20W-50 CK-4 tambor",TAMBOR_200L,"Combustibles y lubricantes","Motor diesel CK-4 tambor"
2608,"Aceite 5W-40 CI-4 cubeta",CUBETA_19L,"Combustibles y lubricantes","Motor diesel CI-4"
2609,"Aceite 5W-40 CI-4 tambor",TAMBOR_200L,"Combustibles y lubricantes","Motor diesel CI-4 tambor"
2610,"Aceite 5W-40 CK-4 cubeta",CUBETA_19L,"Combustibles y lubricantes","Motor diesel CK-4"
2611,"Aceite 5W-40 CK-4 tambor",TAMBOR_200L,"Combustibles y lubricantes","Motor diesel CK-4 tambor"
2628,"Aceite 75W-90 GL-5 cubeta",CUBETA_19L,"Combustibles y lubricantes","EP diferenciales 75W-90"
2629,"Aceite 75W-90 GL-5 tambor",TAMBOR_200L,"Combustibles y lubricantes","GL-5 75W-90 tambor"
2630,"Aceite 80W-90 GL-5 cubeta",CUBETA_19L,"Combustibles y lubricantes","EP diferenciales 80W-90"
2631,"Aceite 80W-90 GL-5 tambor",TAMBOR_200L,"Combustibles y lubricantes","GL-5 80W-90 tambor"
2632,"Aceite 85W-140 GL-5 cubeta",CUBETA_19L,"Combustibles y lubricantes","EP diferenciales 85W-140"
2633,"Aceite 85W-140 GL-5 tambor",TAMBOR_200L,"Combustibles y lubricantes","GL-5 85W-140 tambor"
2710,"Aceite cadena motosierra cubeta",CUBETA_19L,"Combustibles y lubricantes","Aceite para cadena"
2708,"Aceite compresor piston cubeta",CUBETA_19L,"Combustibles y lubricantes","Aceite para reciprocantes"
2709,"Aceite compresor tornillo cubeta",CUBETA_19L,"Combustibles y lubricantes","Aceite para rotatorios"
4591,"Aceite de 2 tiempos",PIEZA,"Combustibles y lubricantes","Aceite de 2 tiempos"
2618,"Aceite hidraulico ISO 100 cubeta",CUBETA_19L,"Combustibles y lubricantes","Sistemas hidraulicos ISO 100"
2619,"Aceite hidraulico ISO 100 tambor",TAMBOR_200L,"Combustibles y lubricantes","ISO 100 alto volumen"
2620,"Aceite hidraulico ISO 150 cubeta",CUBETA_19L,"Combustibles y lubricantes","Sistemas hidraulicos ISO 150"
2621,"Aceite hidraulico ISO 150 tambor",TAMBOR_200L,"Combustibles y lubricantes","ISO 150 alto volumen"
2612,"Aceite hidraulico ISO 32 cubeta",CUBETA_19L,"Combustibles y lubricantes","Sistemas hidraulicos ISO 32"
2613,"Aceite hidraulico ISO 32 tambor",TAMBOR_200L,"Combustibles y lubricantes","ISO 32 alto volumen"
2614,"Aceite hidraulico ISO 46 cubeta",CUBETA_19L,"Combustibles y lubricantes","Sistemas hidraulicos ISO 46"
2615,"Aceite hidraulico ISO 46 tambor",TAMBOR_200L,"Combustibles y lubricantes","ISO 46 alto volumen"
2616,"Aceite hidraulico ISO 68 cubeta",CUBETA_19L,"Combustibles y lubricantes","Sistemas hidraulicos ISO 68"
2617,"Aceite hidraulico ISO 68 tambor",TAMBOR_200L,"Combustibles y lubricantes","ISO 68 alto volumen"
2707,"Aceite martillo hidraulico cubeta",CUBETA_19L,"Combustibles y lubricantes","Aceite para rompedores"
4382,"Aceite motor variante -105",CUBETA_19L,"Combustibles y lubricantes","Aceite multiusos"
4372,"Aceite motor variante -115",CUBETA_19L,"Combustibles y lubricantes","Aceite multiusos"
4362,"Aceite motor variante -125",CUBETA_19L,"Combustibles y lubricantes","Aceite multiusos"
4352,"Aceite motor variante -135",CUBETA_19L,"Combustibles y lubricantes","Aceite multiusos"
4342,"Aceite motor variante -145",CUBETA_19L,"Combustibles y lubricantes","Aceite multiusos"
4472,"Aceite motor variante -15",CUBETA_19L,"Combustibles y lubricantes","Aceite multiusos"
4332,"Aceite motor variante -155",CUBETA_19L,"Combustibles y lubricantes","Aceite multiusos"
4322,"Aceite motor variante -165",CUBETA_19L,"Combustibles y lubricantes","Aceite multiusos"
4312,"Aceite motor variante -175",CUBETA_19L,"Combustibles y lubricantes","Aceite multiusos"
4302,"Aceite motor variante -185",CUBETA_19L,"Combustibles y lubricantes","Aceite multiusos"
4292,"Aceite motor variante -195",CUBETA_19L,"Combustibles y lubricantes","Aceite multiusos"
4282,"Aceite motor variante -205",CUBETA_19L,"Combustibles y lubricantes","Aceite multiusos"
4272,"Aceite motor variante -215",CUBETA_19L,"Combustibles y lubricantes","Aceite multiusos"
4262,"Aceite motor variante -225",CUBETA_19L,"Combustibles y lubricantes","Aceite multiusos"
4252,"Aceite motor variante -235",CUBETA_19L,"Combustibles y lubricantes","Aceite multiusos"
4242,"Aceite motor variante -245",CUBETA_19L,"Combustibles y lubricantes","Aceite multiusos"
4462,"Aceite motor variante -25",CUBETA_19L,"Combustibles y lubricantes","Aceite multiusos"
4232,"Aceite motor variante -255",CUBETA_19L,"Combustibles y lubricantes","Aceite multiusos"
4222,"Aceite motor variante -265",CUBETA_19L,"Combustibles y lubricantes","Aceite multiusos"
4212,"Aceite motor variante -275",CUBETA_19L,"Combustibles y lubricantes","Aceite multiusos"
4202,"Aceite motor variante -285",CUBETA_19L,"Combustibles y lubricantes","Aceite multiusos"
4192,"Aceite motor variante -295",CUBETA_19L,"Combustibles y lubricantes","Aceite multiusos"
4182,"Aceite motor variante -305",CUBETA_19L,"Combustibles y lubricantes","Aceite multiusos"
4172,"Aceite motor variante -315",CUBETA_19L,"Combustibles y lubricantes","Aceite multiusos"
4162,"Aceite motor variante -325",CUBETA_19L,"Combustibles y lubricantes","Aceite multiusos"
4152,"Aceite motor variante -335",CUBETA_19L,"Combustibles y lubricantes","Aceite multiusos"
4142,"Aceite motor variante -345",CUBETA_19L,"Combustibles y lubricantes","Aceite multiusos"
4452,"Aceite motor variante -35",CUBETA_19L,"Combustibles y lubricantes","Aceite multiusos"
4132,"Aceite motor variante -355",CUBETA_19L,"Combustibles y lubricantes","Aceite multiusos"
4122,"Aceite motor variante -365",CUBETA_19L,"Combustibles y lubricantes","Aceite multiusos"
4112,"Aceite motor variante -375",CUBETA_19L,"Combustibles y lubricantes","Aceite multiusos"
4102,"Aceite motor variante -385",CUBETA_19L,"Combustibles y lubricantes","Aceite multiusos"
4092,"Aceite motor variante -395",CUBETA_19L,"Combustibles y lubricantes","Aceite multiusos"
4082,"Aceite motor variante -405",CUBETA_19L,"Combustibles y lubricantes","Aceite multiusos"
4072,"Aceite motor variante -415",CUBETA_19L,"Combustibles y lubricantes","Aceite multiusos"
4062,"Aceite motor variante -425",CUBETA_19L,"Combustibles y lubricantes","Aceite multiusos"
4052,"Aceite motor variante -435",CUBETA_19L,"Combustibles y lubricantes","Aceite multiusos"
4042,"Aceite motor variante -445",CUBETA_19L,"Combustibles y lubricantes","Aceite multiusos"
4442,"Aceite motor variante -45",CUBETA_19L,"Combustibles y lubricantes","Aceite multiusos"
4032,"Aceite motor variante -455",CUBETA_19L,"Combustibles y lubricantes","Aceite multiusos"
4022,"Aceite motor variante -465",CUBETA_19L,"Combustibles y lubricantes","Aceite multiusos"
4012,"Aceite motor variante -475",CUBETA_19L,"Combustibles y lubricantes","Aceite multiusos"
4002,"Aceite motor variante -485",CUBETA_19L,"Combustibles y lubricantes","Aceite multiusos"
3992,"Aceite motor variante -495",CUBETA_19L,"Combustibles y lubricantes","Aceite multiusos"
4482,"Aceite motor variante -5",CUBETA_19L,"Combustibles y lubricantes","Aceite multiusos"
3982,"Aceite motor variante -505",CUBETA_19L,"Combustibles y lubricantes","Aceite multiusos"
3972,"Aceite motor variante -515",CUBETA_19L,"Combustibles y lubricantes","Aceite multiusos"
3962,"Aceite motor variante -525",CUBETA_19L,"Combustibles y lubricantes","Aceite multiusos"
3952,"Aceite motor variante -535",CUBETA_19L,"Combustibles y lubricantes","Aceite multiusos"
3942,"Aceite motor variante -545",CUBETA_19L,"Combustibles y lubricantes","Aceite multiusos"
4432,"Aceite motor variante -55",CUBETA_19L,"Combustibles y lubricantes","Aceite multiusos"
3932,"Aceite motor variante -555",CUBETA_19L,"Combustibles y lubricantes","Aceite multiusos"
3922,"Aceite motor variante -565",CUBETA_19L,"Combustibles y lubricantes","Aceite multiusos"
3912,"Aceite motor variante -575",CUBETA_19L,"Combustibles y lubricantes","Aceite multiusos"
3902,"Aceite motor variante -585",CUBETA_19L,"Combustibles y lubricantes","Aceite multiusos"
3892,"Aceite motor variante -595",CUBETA_19L,"Combustibles y lubricantes","Aceite multiusos"
3882,"Aceite motor variante -605",CUBETA_19L,"Combustibles y lubricantes","Aceite multiusos"
3872,"Aceite motor variante -615",CUBETA_19L,"Combustibles y lubricantes","Aceite multiusos"
3862,"Aceite motor variante -625",CUBETA_19L,"Combustibles y lubricantes","Aceite multiusos"
3852,"Aceite motor variante -635",CUBETA_19L,"Combustibles y lubricantes","Aceite multiusos"
3842,"Aceite motor variante -645",CUBETA_19L,"Combustibles y lubricantes","Aceite multiusos"
4422,"Aceite motor variante -65",CUBETA_19L,"Combustibles y lubricantes","Aceite multiusos"
3832,"Aceite motor variante -655",CUBETA_19L,"Combustibles y lubricantes","Aceite multiusos"
3822,"Aceite motor variante -665",CUBETA_19L,"Combustibles y lubricantes","Aceite multiusos"
3812,"Aceite motor variante -675",CUBETA_19L,"Combustibles y lubricantes","Aceite multiusos"
3802,"Aceite motor variante -685",CUBETA_19L,"Combustibles y lubricantes","Aceite multiusos"
3792,"Aceite motor variante -695",CUBETA_19L,"Combustibles y lubricantes","Aceite multiusos"
3782,"Aceite motor variante -705",CUBETA_19L,"Combustibles y lubricantes","Aceite multiusos"
3772,"Aceite motor variante -715",CUBETA_19L,"Combustibles y lubricantes","Aceite multiusos"
3762,"Aceite motor variante -725",CUBETA_19L,"Combustibles y lubricantes","Aceite multiusos"
3752,"Aceite motor variante -735",CUBETA_19L,"Combustibles y lubricantes","Aceite multiusos"
3742,"Aceite motor variante -745",CUBETA_19L,"Combustibles y lubricantes","Aceite multiusos"
4412,"Aceite motor variante -75",CUBETA_19L,"Combustibles y lubricantes","Aceite multiusos"
3732,"Aceite motor variante -755",CUBETA_19L,"Combustibles y lubricantes","Aceite multiusos"
3722,"Aceite motor variante -765",CUBETA_19L,"Combustibles y lubricantes","Aceite multiusos"
3712,"Aceite motor variante -775",CUBETA_19L,"Combustibles y lubricantes","Aceite multiusos"
3702,"Aceite motor variante -785",CUBETA_19L,"Combustibles y lubricantes","Aceite multiusos"
3692,"Aceite motor variante -795",CUBETA_19L,"Combustibles y lubricantes","Aceite multiusos"
3682,"Aceite motor variante -805",CUBETA_19L,"Combustibles y lubricantes","Aceite multiusos"
3672,"Aceite motor variante -815",CUBETA_19L,"Combustibles y lubricantes","Aceite multiusos"
3662,"Aceite motor variante -825",CUBETA_19L,"Combustibles y lubricantes","Aceite multiusos"
3652,"Aceite motor variante -835",CUBETA_19L,"Combustibles y lubricantes","Aceite multiusos"
3642,"Aceite motor variante -845",CUBETA_19L,"Combustibles y lubricantes","Aceite multiusos"
4402,"Aceite motor variante -85",CUBETA_19L,"Combustibles y lubricantes","Aceite multiusos"
3632,"Aceite motor variante -855",CUBETA_19L,"Combustibles y lubricantes","Aceite multiusos"
3622,"Aceite motor variante -865",CUBETA_19L,"Combustibles y lubricantes","Aceite multiusos"
3612,"Aceite motor variante -875",CUBETA_19L,"Combustibles y lubricantes","Aceite multiusos"
3602,"Aceite motor variante -885",CUBETA_19L,"Combustibles y lubricantes","Aceite multiusos"
3592,"Aceite motor variante -895",CUBETA_19L,"Combustibles y lubricantes","Aceite multiusos"
3582,"Aceite motor variante -905",CUBETA_19L,"Combustibles y lubricantes","Aceite multiusos"
3572,"Aceite motor variante -915",CUBETA_19L,"Combustibles y lubricantes","Aceite multiusos"
3562,"Aceite motor variante -925",CUBETA_19L,"Combustibles y lubricantes","Aceite multiusos"
3552,"Aceite motor variante -935",CUBETA_19L,"Combustibles y lubricantes","Aceite multiusos"
3542,"Aceite motor variante -945",CUBETA_19L,"Combustibles y lubricantes","Aceite multiusos"
4392,"Aceite motor variante -95",CUBETA_19L,"Combustibles y lubricantes","Aceite multiusos"
4502,"Aceite motor variante 15",CUBETA_19L,"Combustibles y lubricantes","Aceite multiusos"
4512,"Aceite motor variante 25",CUBETA_19L,"Combustibles y lubricantes","Aceite multiusos"
4522,"Aceite motor variante 35",CUBETA_19L,"Combustibles y lubricantes","Aceite multiusos"
4532,"Aceite motor variante 45",CUBETA_19L,"Combustibles y lubricantes","Aceite multiusos"
4492,"Aceite motor variante 5",CUBETA_19L,"Combustibles y lubricantes","Aceite multiusos"
4542,"Aceite motor variante 55",CUBETA_19L,"Combustibles y lubricantes","Aceite multiusos"
4552,"Aceite motor variante 65",CUBETA_19L,"Combustibles y lubricantes","Aceite multiusos"
4562,"Aceite motor variante 75",CUBETA_19L,"Combustibles y lubricantes","Aceite multiusos"
4572,"Aceite motor variante 85",CUBETA_19L,"Combustibles y lubricantes","Aceite multiusos"
4582,"Aceite motor variante 95",CUBETA_19L,"Combustibles y lubricantes","Aceite multiusos"
2622,"Aceite SAE 10W TO-4 cubeta",CUBETA_19L,"Combustibles y lubricantes","Transmisiones powershift SAE 10W"
2623,"Aceite SAE 10W TO-4 tambor",TAMBOR_200L,"Combustibles y lubricantes","TO-4 SAE 10W tambor"
2624,"Aceite SAE 30 TO-4 cubeta",CUBETA_19L,"Combustibles y lubricantes","Transmisiones powershift SAE 30"
2625,"Aceite SAE 30 TO-4 tambor",TAMBOR_200L,"Combustibles y lubricantes","TO-4 SAE 30 tambor"
2626,"Aceite SAE 50 TO-4 cubeta",CUBETA_19L,"Combustibles y lubricantes","Transmisiones powershift SAE 50"
2627,"Aceite SAE 50 TO-4 tambor",TAMBOR_200L,"Combustibles y lubricantes","TO-4 SAE 50 tambor"
4664,"ACEITES PARA CAMIONETA FRONTIER",PIEZA,"Combustibles y lubricantes","ACEITES PARA CAMIONETA FRONTIER"
2652,"AdBlue DEF cubeta 20L",CUBETA_20L,"Combustibles y lubricantes","Solucion urea Tier 4"
2654,"AdBlue DEF IBC 1000L",IBC_1000L,"Combustibles y lubricantes","Contenedor intermedio"
2653,"AdBlue DEF tambor 200L",TAMBOR_200L,"Combustibles y lubricantes","AdBlue tambor"
2665,"Aditivo anticorrosivo litro",LITRO,"Combustibles y lubricantes","Proteccion sistema"
2662,"Aditivo antihumo litro",LITRO,"Combustibles y lubricantes","Reduce emisiones"
2664,"Aditivo estabilizador aceite litro",LITRO,"Combustibles y lubricantes","Reduce consumo"
2661,"Aditivo limpiador inyectores litro",LITRO,"Combustibles y lubricantes","Limpieza combustible"
2666,"Aditivo mejorador cetano litro",LITRO,"Combustibles y lubricantes","Mejora combustion"
2663,"Aditivo sellador radiador litro",LITRO,"Combustibles y lubricantes","Repara fugas"
4618,"ADITIVOS Y GASOLINA PARA PODER UTILIZAR LAS BAILARINAS",PIEZA,"Combustibles y lubricantes","ADITIVOS Y GASOLINA PARA PODER UTILIZAR LAS BAILARINAS"
4617,"CARGA DE GASOLINA FRONTIER",PIEZA,"Combustibles y lubricantes","CARGA DE GASOLINA FRONTIER"
4639,"Carga gasolina",PIEZA,"Combustibles y lubricantes","Carga gasolina"
4658,"Chevy diesel",PIEZA,"Combustibles y lubricantes","Chevy diesel"
4654,"Compactacion",PIEZA,"Combustibles y lubricantes","Compactacion"
4608,"Compactacion de terracerias",PIEZA,"Combustibles y lubricantes","Compactacion de terracerias"
4646,"CONCRETO MATRA",PIEZA,"Combustibles y lubricantes","CONCRETO MATRA"
4593,"Corte en tomas",PIEZA,"Combustibles y lubricantes","Corte en tomas"
4592,"de gasolina",PIEZA,"Combustibles y lubricantes","de gasolina"
4650,"de gasolina para la frontier",PIEZA,"Combustibles y lubricantes","de gasolina para la frontier"
2588,"Diesel automotriz",LITRO,"Combustibles y lubricantes","Combustible maquinaria pesada"
2589,"Diesel bajo azufre ULSD",LITRO,"Combustibles y lubricantes","Ultra bajo azufre Tier 4"
4643,"diesel cat",PIEZA,"Combustibles y lubricantes","diesel cat"
4659,"DIESEL EXCAVADAORA CAPAS",PIEZA,"Combustibles y lubricantes","DIESEL EXCAVADAORA CAPAS"
4665,"DIESEL EXCAVADORA",PIEZA,"Combustibles y lubricantes","DIESEL EXCAVADORA"
4645,"DIESEL EXCAVADORAS",PIEZA,"Combustibles y lubricantes","DIESEL EXCAVADORAS"
4620,"diesel motoconformadora",PIEZA,"Combustibles y lubricantes","diesel motoconformadora"
4636,"diesel para el mini",PIEZA,"Combustibles y lubricantes","diesel para el mini"
4589,"diesel para el mini cargador Limpieza y terminar de rellenar",PIEZA,"Combustibles y lubricantes","diesel para el mini cargador Limpieza y terminar de rellenar"
4627,"diesel para excavadora en Jose flores capas",PIEZA,"Combustibles y lubricantes","diesel para excavadora en Jose flores capas"
4661,"DIESEL PARA LA RETROEXCAVADORA CAPAS",PIEZA,"Combustibles y lubricantes","DIESEL PARA LA RETROEXCAVADORA CAPAS"
4629,"diesel para moto",PIEZA,"Combustibles y lubricantes","diesel para moto"
4596,"diesel para motoconformadora",PIEZA,"Combustibles y lubricantes","diesel para motoconformadora"
4633,"diesel para retro case",PIEZA,"Combustibles y lubricantes","diesel para retro case"
4653,"diesel para vibrocompactador",PIEZA,"Combustibles y lubricantes","diesel para vibrocompactador"
4606,"diesel retro case",PIEZA,"Combustibles y lubricantes","diesel retro case"
4611,"diesel retro CAT",PIEZA,"Combustibles y lubricantes","diesel retro CAT"
4609,"diesel retro JCB",PIEZA,"Combustibles y lubricantes","diesel retro JCB"
4607,"diesel vibrocompactador",PIEZA,"Combustibles y lubricantes","diesel vibrocompactador"
4588,"EXCAVACION DE CAJONES APRA ZAPATAS (Diesel para excavadora 210 G - LG)",PIEZA,"Combustibles y lubricantes","EXCAVACION DE CAJONES APRA ZAPATAS (Diesel para excavadora 2..."
2699,"Filtro aceite motor Bobcat",PIEZA,"Combustibles y lubricantes","Filtro aceite motor maquinaria Bobcat"
2679,"Filtro aceite motor Case",PIEZA,"Combustibles y lubricantes","Filtro aceite motor maquinaria Case"
2667,"Filtro aceite motor CAT",PIEZA,"Combustibles y lubricantes","Filtro aceite motor maquinaria CAT"
2687,"Filtro aceite motor Hitachi",PIEZA,"Combustibles y lubricantes","Filtro aceite motor maquinaria Hitachi"
2695,"Filtro aceite motor JCB",PIEZA,"Combustibles y lubricantes","Filtro aceite motor maquinaria JCB"
2675,"Filtro aceite motor John Deere",PIEZA,"Combustibles y lubricantes","Filtro aceite motor maquinaria John Deere"
2691,"Filtro aceite motor Kobelco",PIEZA,"Combustibles y lubricantes","Filtro aceite motor maquinaria Kobelco"
2671,"Filtro aceite motor Komatsu",PIEZA,"Combustibles y lubricantes","Filtro aceite motor maquinaria Komatsu"
2703,"Filtro aceite motor New Holland",PIEZA,"Combustibles y lubricantes","Filtro aceite motor maquinaria New Holland"
2683,"Filtro aceite motor Volvo",PIEZA,"Combustibles y lubricantes","Filtro aceite motor maquinaria Volvo"
2702,"Filtro combustible primario Bobcat",PIEZA,"Combustibles y lubricantes","Filtro combustible primario maquinaria Bobcat"
2682,"Filtro combustible primario Case",PIEZA,"Combustibles y lubricantes","Filtro combustible primario maquinaria Case"
2670,"Filtro combustible primario CAT",PIEZA,"Combustibles y lubricantes","Filtro combustible primario maquinaria CAT"
2690,"Filtro combustible primario Hitachi",PIEZA,"Combustibles y lubricantes","Filtro combustible primario maquinaria Hitachi"
2698,"Filtro combustible primario JCB",PIEZA,"Combustibles y lubricantes","Filtro combustible primario maquinaria JCB"
2678,"Filtro combustible primario John Deere",PIEZA,"Combustibles y lubricantes","Filtro combustible primario maquinaria John Deere"
2694,"Filtro combustible primario Kobelco",PIEZA,"Combustibles y lubricantes","Filtro combustible primario maquinaria Kobelco"
2674,"Filtro combustible primario Komatsu",PIEZA,"Combustibles y lubricantes","Filtro combustible primario maquinaria Komatsu"
2706,"Filtro combustible primario New Holland",PIEZA,"Combustibles y lubricantes","Filtro combustible primario maquinaria New Holland"
2686,"Filtro combustible primario Volvo",PIEZA,"Combustibles y lubricantes","Filtro combustible primario maquinaria Volvo"
2701,"Filtro hidraulico piloto Bobcat",PIEZA,"Combustibles y lubricantes","Filtro hidraulico piloto maquinaria Bobcat"
2681,"Filtro hidraulico piloto Case",PIEZA,"Combustibles y lubricantes","Filtro hidraulico piloto maquinaria Case"
2669,"Filtro hidraulico piloto CAT",PIEZA,"Combustibles y lubricantes","Filtro hidraulico piloto maquinaria CAT"
2689,"Filtro hidraulico piloto Hitachi",PIEZA,"Combustibles y lubricantes","Filtro hidraulico piloto maquinaria Hitachi"
2697,"Filtro hidraulico piloto JCB",PIEZA,"Combustibles y lubricantes","Filtro hidraulico piloto maquinaria JCB"
2677,"Filtro hidraulico piloto John Deere",PIEZA,"Combustibles y lubricantes","Filtro hidraulico piloto maquinaria John Deere"
2693,"Filtro hidraulico piloto Kobelco",PIEZA,"Combustibles y lubricantes","Filtro hidraulico piloto maquinaria Kobelco"
2673,"Filtro hidraulico piloto Komatsu",PIEZA,"Combustibles y lubricantes","Filtro hidraulico piloto maquinaria Komatsu"
2705,"Filtro hidraulico piloto New Holland",PIEZA,"Combustibles y lubricantes","Filtro hidraulico piloto maquinaria New Holland"
2685,"Filtro hidraulico piloto Volvo",PIEZA,"Combustibles y lubricantes","Filtro hidraulico piloto maquinaria Volvo"
2700,"Filtro hidraulico retorno Bobcat",PIEZA,"Combustibles y lubricantes","Filtro hidraulico retorno maquinaria Bobcat"
2680,"Filtro hidraulico retorno Case",PIEZA,"Combustibles y lubricantes","Filtro hidraulico retorno maquinaria Case"
2668,"Filtro hidraulico retorno CAT",PIEZA,"Combustibles y lubricantes","Filtro hidraulico retorno maquinaria CAT"
2688,"Filtro hidraulico retorno Hitachi",PIEZA,"Combustibles y lubricantes","Filtro hidraulico retorno maquinaria Hitachi"
2696,"Filtro hidraulico retorno JCB",PIEZA,"Combustibles y lubricantes","Filtro hidraulico retorno maquinaria JCB"
2676,"Filtro hidraulico retorno John Deere",PIEZA,"Combustibles y lubricantes","Filtro hidraulico retorno maquinaria John Deere"
2692,"Filtro hidraulico retorno Kobelco",PIEZA,"Combustibles y lubricantes","Filtro hidraulico retorno maquinaria Kobelco"
2672,"Filtro hidraulico retorno Komatsu",PIEZA,"Combustibles y lubricantes","Filtro hidraulico retorno maquinaria Komatsu"
2704,"Filtro hidraulico retorno New Holland",PIEZA,"Combustibles y lubricantes","Filtro hidraulico retorno maquinaria New Holland"
2684,"Filtro hidraulico retorno Volvo",PIEZA,"Combustibles y lubricantes","Filtro hidraulico retorno maquinaria Volvo"
4590,"Fossell en avenida ojocaliente",PIEZA,"Combustibles y lubricantes","Fossell en avenida ojocaliente"
4603,"Frontier",PIEZA,"Combustibles y lubricantes","Frontier"
4635,"Fuentes del Lago",PIEZA,"Combustibles y lubricantes","Fuentes del Lago"
4615,"Fuentes del Lago ING PUSO REQ 107",PIEZA,"Combustibles y lubricantes","Fuentes del Lago ING PUSO REQ 107"
4632,"GAS PARA JCB",PIEZA,"Combustibles y lubricantes","GAS PARA JCB"
4613,"Gasolina",PIEZA,"Combustibles y lubricantes","Gasolina"
4652,"gasolina bailarina CAPAS",PIEZA,"Combustibles y lubricantes","gasolina bailarina CAPAS"
4622,"GASOLINA BAILARINA Y LUV",PIEZA,"Combustibles y lubricantes","GASOLINA BAILARINA Y LUV"
4623,"GASOLINA FRONTIER",PIEZA,"Combustibles y lubricantes","GASOLINA FRONTIER"
4660,"GASOLINA FRONTIER TRASLADOS",PIEZA,"Combustibles y lubricantes","GASOLINA FRONTIER TRASLADOS"
4612,"gasolina LUV",PIEZA,"Combustibles y lubricantes","gasolina LUV"
4642,"GASOLINA LUV TRASLADOS",PIEZA,"Combustibles y lubricantes","GASOLINA LUV TRASLADOS"
2590,"Gasolina Magna 87 octanos",LITRO,"Combustibles y lubricantes","Vehiculos ligeros"
4601,"Gasolina para el Chevy .",PIEZA,"Combustibles y lubricantes","Gasolina para el Chevy ."
4640,"GASOLINA PARA LA EXCAVADORA",PIEZA,"Combustibles y lubricantes","GASOLINA PARA LA EXCAVADORA"
4628,"gasolina para luv",PIEZA,"Combustibles y lubricantes","gasolina para luv"
2591,"Gasolina Premium 91 octanos",LITRO,"Combustibles y lubricantes","Alto octanaje"
4663,"GASOLINA TRASLADOS DOBLE RODADO",PIEZA,"Combustibles y lubricantes","GASOLINA TRASLADOS DOBLE RODADO"
4662,"GASOLINA TRASLADOS VENTO",PIEZA,"Combustibles y lubricantes","GASOLINA TRASLADOS VENTO"
4626,"gasolina Tsruru",PIEZA,"Combustibles y lubricantes","gasolina Tsruru"
4594,"gasolina Tsuru",PIEZA,"Combustibles y lubricantes","gasolina Tsuru"
4598,"GASOLINA VENTO Y TSURU",PIEZA,"Combustibles y lubricantes","GASOLINA VENTO Y TSURU"
2651,"Grasa calcio cartucho 400g",CARTUCHO_400G,"Combustibles y lubricantes","Grasa humedad cartucho"
2649,"Grasa calcio cubeta 19kg",CUBETA_19KG,"Combustibles y lubricantes","Grasa humedad"
2650,"Grasa calcio tambor 180kg",TAMBOR_180KG,"Combustibles y lubricantes","Grasa humedad tambor"
2639,"Grasa complejo litio cartucho 400g",CARTUCHO_400G,"Combustibles y lubricantes","Grasa alta temp cartucho"
2637,"Grasa complejo litio cubeta 19kg",CUBETA_19KG,"Combustibles y lubricantes","Grasa alta temp"
2638,"Grasa complejo litio tambor 180kg",TAMBOR_180KG,"Combustibles y lubricantes","Grasa alta temp tambor"
2636,"Grasa EP litio No.2 cartucho 400g",CARTUCHO_400G,"Combustibles y lubricantes","Grasa multiusos cartucho"
2634,"Grasa EP litio No.2 cubeta 19kg",CUBETA_19KG,"Combustibles y lubricantes","Grasa multiusos"
2635,"Grasa EP litio No.2 tambor 180kg",TAMBOR_180KG,"Combustibles y lubricantes","Grasa multiusos tambor"
2645,"Grasa grafitada cartucho 400g",CARTUCHO_400G,"Combustibles y lubricantes","Grasa pines cartucho"
2643,"Grasa grafitada cubeta 19kg",CUBETA_19KG,"Combustibles y lubricantes","Grasa pines"
2644,"Grasa grafitada tambor 180kg",TAMBOR_180KG,"Combustibles y lubricantes","Grasa pines tambor"
2642,"Grasa molibdeno EP cartucho 400g",CARTUCHO_400G,"Combustibles y lubricantes","Grasa impacto cartucho"
2640,"Grasa molibdeno EP cubeta 19kg",CUBETA_19KG,"Combustibles y lubricantes","Grasa impacto"
2641,"Grasa molibdeno EP tambor 180kg",TAMBOR_180KG,"Combustibles y lubricantes","Grasa impacto tambor"
2648,"Grasa sintetica cartucho 400g",CARTUCHO_400G,"Combustibles y lubricantes","Grasa alto rendimiento cartucho"
2646,"Grasa sintetica cubeta 19kg",CUBETA_19KG,"Combustibles y lubricantes","Grasa alto rendimiento"
2647,"Grasa sintetica tambor 180kg",TAMBOR_180KG,"Combustibles y lubricantes","Grasa alto rendimiento tambor"
4637,"Limpieza",PIEZA,"Combustibles y lubricantes","Limpieza"
4657,"MINI diesel",PIEZA,"Combustibles y lubricantes","MINI diesel"
4631,"Mira valle",PIEZA,"Combustibles y lubricantes","Mira valle"
4602,"Movimientos de oficina a la ciudad",PIEZA,"Combustibles y lubricantes","Movimientos de oficina a la ciudad"
4600,"OFICINA",PIEZA,"Combustibles y lubricantes","OFICINA"
4605,"Ojocaliente",PIEZA,"Combustibles y lubricantes","Ojocaliente"
4649,"Parque Teran",PIEZA,"Combustibles y lubricantes","Parque Teran"
4619,"Pinar del lago",PIEZA,"Combustibles y lubricantes","Pinar del lago"
4625,"RED SIGLO XXI",PIEZA,"Combustibles y lubricantes","RED SIGLO XXI"
2660,"Refrigerante naranja OAT cubeta",CUBETA_19L,"Combustibles y lubricantes","Refrigerante acidos organicos cubeta"
2659,"Refrigerante naranja OAT galon",GALON_4L,"Combustibles y lubricantes","Anticongelante acidos organicos"
2658,"Refrigerante rojo ELC cubeta",CUBETA_19L,"Combustibles y lubricantes","Refrigerante vida extendida cubeta"
2657,"Refrigerante rojo ELC galon",GALON_4L,"Combustibles y lubricantes","Anticongelante vida extendida"
2656,"Refrigerante verde cubeta",CUBETA_19L,"Combustibles y lubricantes","Refrigerante convencional cubeta"
2655,"Refrigerante verde galon",GALON_4L,"Combustibles y lubricantes","Anticongelante convencional"
4599,"REQ DE OBRA",PIEZA,"Combustibles y lubricantes","REQ DE OBRA"
4624,"REQ OBRA :",PIEZA,"Combustibles y lubricantes","REQ OBRA :"
4621,"REQ OBRA:",PIEZA,"Combustibles y lubricantes","REQ OBRA:"
4656,"retro CAT diesel",PIEZA,"Combustibles y lubricantes","retro CAT diesel"
4641,"retro jcb",PIEZA,"Combustibles y lubricantes","retro jcb"
4655,"retro JCB dieseL",PIEZA,"Combustibles y lubricantes","retro JCB dieseL"
4604,"SUGERENCIA DE COMPRA:",PIEZA,"Combustibles y lubricantes","SUGERENCIA DE COMPRA:"
4651,"SUGERENCIA DE COMPRA: ojocaliente",PIEZA,"Combustibles y lubricantes","SUGERENCIA DE COMPRA: ojocaliente"
4610,"Trabajos en linea de agua",LITRO,"Combustibles y lubricantes","Trabajos en linea de agua"
4597,"Trabajos en terraceria",SERVICIO,"Combustibles y lubricantes","Trabajos en terraceria"
4630,"Trabajos en terracerias",SERVICIO,"Combustibles y lubricantes","Trabajos en terracerias"
4638,"trabajos para antes de colar",SERVICIO,"Combustibles y lubricantes","trabajos para antes de colar"
4616,"Translados",PIEZA,"Combustibles y lubricantes","Translados"
4595,"Traslados",PIEZA,"Combustibles y lubricantes","Traslados"
4614,"Traslados obra",PIEZA,"Combustibles y lubricantes","Traslados obra"
4634,"Traslados obras",PIEZA,"Combustibles y lubricantes","Traslados obras"
2861,"Aditivo acelerante fraguado cubeta",CUBETA_19L,"Concretos asfaltos y estabilizantes","Acelera fraguado cubeta"
2860,"Aditivo acelerante fraguado litro",LITRO,"Concretos asfaltos y estabilizantes","Acelera fraguado"
2875,"Aditivo expansor grout cubeta",CUBETA_19L,"Concretos asfaltos y estabilizantes","Morteros anclaje cubeta"
2874,"Aditivo expansor grout litro",LITRO,"Concretos asfaltos y estabilizantes","Morteros anclaje"
2873,"Aditivo fibra polipropileno cubeta",CUBETA_19L,"Concretos asfaltos y estabilizantes","Control grietas cubeta"
2872,"Aditivo fibra polipropileno litro",LITRO,"Concretos asfaltos y estabilizantes","Control grietas"
2871,"Aditivo impermeabilizante integral cubeta",CUBETA_19L,"Concretos asfaltos y estabilizantes","Impermeabiliza masa cubeta"
2870,"Aditivo impermeabilizante integral litro",LITRO,"Concretos asfaltos y estabilizantes","Impermeabiliza masa"
2869,"Aditivo inclusor aire cubeta",CUBETA_19L,"Concretos asfaltos y estabilizantes","Resistencia congelamiento cubeta"
2868,"Aditivo inclusor aire litro",LITRO,"Concretos asfaltos y estabilizantes","Resistencia congelamiento"
2865,"Aditivo plastificante cubeta",CUBETA_19L,"Concretos asfaltos y estabilizantes","Reduce agua 10-15% cubeta"
2864,"Aditivo plastificante litro",LITRO,"Concretos asfaltos y estabilizantes","Reduce agua 10-15%"
2863,"Aditivo retardante fraguado cubeta",CUBETA_19L,"Concretos asfaltos y estabilizantes","Retarda fraguado cubeta"
2862,"Aditivo retardante fraguado litro",LITRO,"Concretos asfaltos y estabilizantes","Retarda fraguado"
2867,"Aditivo superplastificante cubeta",CUBETA_19L,"Concretos asfaltos y estabilizantes","Reduce agua 20-30% cubeta"
2866,"Aditivo superplastificante litro",LITRO,"Concretos asfaltos y estabilizantes","Reduce agua 20-30%"
2854,"Asfalto AC-20 cemento asfaltico",TONELADA,"Concretos asfaltos y estabilizantes","Mezclas calientes"
2855,"Asfalto modificado PG 76-22",TONELADA,"Concretos asfaltos y estabilizantes","Alto grado polimeros"
2880,"Bite ionico litro",LITRO,"Concretos asfaltos y estabilizantes","Ionico suelos"
2878,"Cal hidratada granel",TONELADA,"Concretos asfaltos y estabilizantes","Estabilizacion granel"
2876,"Cal hidratada saco 25 kg",SACO_25KG,"Concretos asfaltos y estabilizantes","Estabilizacion morteros"
2877,"Cal viva saco 25 kg",SACO_25KG,"Concretos asfaltos y estabilizantes","Oxido calcio"
2838,"Cemento albañileria saco 50 kg",SACO_50KG,"Concretos asfaltos y estabilizantes","Para morteros"
2831,"Cemento blanco saco 50 kg",SACO_50KG,"Concretos asfaltos y estabilizantes","Cemento acabados"
2832,"Cemento blanco tonelada",TONELADA,"Concretos asfaltos y estabilizantes","Cemento acabados por tonelada"
2825,"Cemento CPC 30R saco 50 kg",SACO_50KG,"Concretos asfaltos y estabilizantes","Cemento uso general"
2826,"Cemento CPC 30R tonelada",TONELADA,"Concretos asfaltos y estabilizantes","Cemento uso general por tonelada"
2827,"Cemento CPC 40 saco 50 kg",SACO_50KG,"Concretos asfaltos y estabilizantes","Cemento alta resistencia"
2828,"Cemento CPC 40 tonelada",TONELADA,"Concretos asfaltos y estabilizantes","Cemento alta resistencia por tonelada"
2833,"Cemento CPO 40 saco 50 kg",SACO_50KG,"Concretos asfaltos y estabilizantes","Cemento obras rapidas"
2834,"Cemento CPO 40 tonelada",TONELADA,"Concretos asfaltos y estabilizantes","Cemento obras rapidas por tonelada"
2829,"Cemento CPP saco 50 kg",SACO_50KG,"Concretos asfaltos y estabilizantes","Cemento puzolanico"
2830,"Cemento CPP tonelada",TONELADA,"Concretos asfaltos y estabilizantes","Cemento puzolanico por tonelada"
2835,"Cemento CRS saco 50 kg",SACO_50KG,"Concretos asfaltos y estabilizantes","Cemento sulfatos"
2836,"Cemento CRS tonelada",TONELADA,"Concretos asfaltos y estabilizantes","Cemento sulfatos por tonelada"
2837,"Cemento granel CPC 30R",TONELADA,"Concretos asfaltos y estabilizantes","Granel pipa"
2879,"Cemite estabilizante kg",KILOGRAMO,"Concretos asfaltos y estabilizantes","Quimico suelos"
2819,"Concreto autocompactante",METRO_CUBICO,"Concretos asfaltos y estabilizantes","Sin vibrado"
4384,"Concreto especial -105",METRO_CUBICO,"Concretos asfaltos y estabilizantes","Concreto especializado"
4374,"Concreto especial -115",METRO_CUBICO,"Concretos asfaltos y estabilizantes","Concreto especializado"
4364,"Concreto especial -125",METRO_CUBICO,"Concretos asfaltos y estabilizantes","Concreto especializado"
4354,"Concreto especial -135",METRO_CUBICO,"Concretos asfaltos y estabilizantes","Concreto especializado"
4344,"Concreto especial -145",METRO_CUBICO,"Concretos asfaltos y estabilizantes","Concreto especializado"
4474,"Concreto especial -15",METRO_CUBICO,"Concretos asfaltos y estabilizantes","Concreto especializado"
4334,"Concreto especial -155",METRO_CUBICO,"Concretos asfaltos y estabilizantes","Concreto especializado"
4324,"Concreto especial -165",METRO_CUBICO,"Concretos asfaltos y estabilizantes","Concreto especializado"
4314,"Concreto especial -175",METRO_CUBICO,"Concretos asfaltos y estabilizantes","Concreto especializado"
4304,"Concreto especial -185",METRO_CUBICO,"Concretos asfaltos y estabilizantes","Concreto especializado"
4294,"Concreto especial -195",METRO_CUBICO,"Concretos asfaltos y estabilizantes","Concreto especializado"
4284,"Concreto especial -205",METRO_CUBICO,"Concretos asfaltos y estabilizantes","Concreto especializado"
4274,"Concreto especial -215",METRO_CUBICO,"Concretos asfaltos y estabilizantes","Concreto especializado"
4264,"Concreto especial -225",METRO_CUBICO,"Concretos asfaltos y estabilizantes","Concreto especializado"
4254,"Concreto especial -235",METRO_CUBICO,"Concretos asfaltos y estabilizantes","Concreto especializado"
4244,"Concreto especial -245",METRO_CUBICO,"Concretos asfaltos y estabilizantes","Concreto especializado"
4464,"Concreto especial -25",METRO_CUBICO,"Concretos asfaltos y estabilizantes","Concreto especializado"
4234,"Concreto especial -255",METRO_CUBICO,"Concretos asfaltos y estabilizantes","Concreto especializado"
4224,"Concreto especial -265",METRO_CUBICO,"Concretos asfaltos y estabilizantes","Concreto especializado"
4214,"Concreto especial -275",METRO_CUBICO,"Concretos asfaltos y estabilizantes","Concreto especializado"
4204,"Concreto especial -285",METRO_CUBICO,"Concretos asfaltos y estabilizantes","Concreto especializado"
4194,"Concreto especial -295",METRO_CUBICO,"Concretos asfaltos y estabilizantes","Concreto especializado"
4184,"Concreto especial -305",METRO_CUBICO,"Concretos asfaltos y estabilizantes","Concreto especializado"
4174,"Concreto especial -315",METRO_CUBICO,"Concretos asfaltos y estabilizantes","Concreto especializado"
4164,"Concreto especial -325",METRO_CUBICO,"Concretos asfaltos y estabilizantes","Concreto especializado"
4154,"Concreto especial -335",METRO_CUBICO,"Concretos asfaltos y estabilizantes","Concreto especializado"
4144,"Concreto especial -345",METRO_CUBICO,"Concretos asfaltos y estabilizantes","Concreto especializado"
4454,"Concreto especial -35",METRO_CUBICO,"Concretos asfaltos y estabilizantes","Concreto especializado"
4134,"Concreto especial -355",METRO_CUBICO,"Concretos asfaltos y estabilizantes","Concreto especializado"
4124,"Concreto especial -365",METRO_CUBICO,"Concretos asfaltos y estabilizantes","Concreto especializado"
4114,"Concreto especial -375",METRO_CUBICO,"Concretos asfaltos y estabilizantes","Concreto especializado"
4104,"Concreto especial -385",METRO_CUBICO,"Concretos asfaltos y estabilizantes","Concreto especializado"
4094,"Concreto especial -395",METRO_CUBICO,"Concretos asfaltos y estabilizantes","Concreto especializado"
4084,"Concreto especial -405",METRO_CUBICO,"Concretos asfaltos y estabilizantes","Concreto especializado"
4074,"Concreto especial -415",METRO_CUBICO,"Concretos asfaltos y estabilizantes","Concreto especializado"
4064,"Concreto especial -425",METRO_CUBICO,"Concretos asfaltos y estabilizantes","Concreto especializado"
4054,"Concreto especial -435",METRO_CUBICO,"Concretos asfaltos y estabilizantes","Concreto especializado"
4044,"Concreto especial -445",METRO_CUBICO,"Concretos asfaltos y estabilizantes","Concreto especializado"
4444,"Concreto especial -45",METRO_CUBICO,"Concretos asfaltos y estabilizantes","Concreto especializado"
4034,"Concreto especial -455",METRO_CUBICO,"Concretos asfaltos y estabilizantes","Concreto especializado"
4024,"Concreto especial -465",METRO_CUBICO,"Concretos asfaltos y estabilizantes","Concreto especializado"
4014,"Concreto especial -475",METRO_CUBICO,"Concretos asfaltos y estabilizantes","Concreto especializado"
4004,"Concreto especial -485",METRO_CUBICO,"Concretos asfaltos y estabilizantes","Concreto especializado"
3994,"Concreto especial -495",METRO_CUBICO,"Concretos asfaltos y estabilizantes","Concreto especializado"
4484,"Concreto especial -5",METRO_CUBICO,"Concretos asfaltos y estabilizantes","Concreto especializado"
3984,"Concreto especial -505",METRO_CUBICO,"Concretos asfaltos y estabilizantes","Concreto especializado"
3974,"Concreto especial -515",METRO_CUBICO,"Concretos asfaltos y estabilizantes","Concreto especializado"
3964,"Concreto especial -525",METRO_CUBICO,"Concretos asfaltos y estabilizantes","Concreto especializado"
3954,"Concreto especial -535",METRO_CUBICO,"Concretos asfaltos y estabilizantes","Concreto especializado"
3944,"Concreto especial -545",METRO_CUBICO,"Concretos asfaltos y estabilizantes","Concreto especializado"
4434,"Concreto especial -55",METRO_CUBICO,"Concretos asfaltos y estabilizantes","Concreto especializado"
3934,"Concreto especial -555",METRO_CUBICO,"Concretos asfaltos y estabilizantes","Concreto especializado"
3924,"Concreto especial -565",METRO_CUBICO,"Concretos asfaltos y estabilizantes","Concreto especializado"
3914,"Concreto especial -575",METRO_CUBICO,"Concretos asfaltos y estabilizantes","Concreto especializado"
3904,"Concreto especial -585",METRO_CUBICO,"Concretos asfaltos y estabilizantes","Concreto especializado"
3894,"Concreto especial -595",METRO_CUBICO,"Concretos asfaltos y estabilizantes","Concreto especializado"
3884,"Concreto especial -605",METRO_CUBICO,"Concretos asfaltos y estabilizantes","Concreto especializado"
3874,"Concreto especial -615",METRO_CUBICO,"Concretos asfaltos y estabilizantes","Concreto especializado"
3864,"Concreto especial -625",METRO_CUBICO,"Concretos asfaltos y estabilizantes","Concreto especializado"
3854,"Concreto especial -635",METRO_CUBICO,"Concretos asfaltos y estabilizantes","Concreto especializado"
3844,"Concreto especial -645",METRO_CUBICO,"Concretos asfaltos y estabilizantes","Concreto especializado"
4424,"Concreto especial -65",METRO_CUBICO,"Concretos asfaltos y estabilizantes","Concreto especializado"
3834,"Concreto especial -655",METRO_CUBICO,"Concretos asfaltos y estabilizantes","Concreto especializado"
3824,"Concreto especial -665",METRO_CUBICO,"Concretos asfaltos y estabilizantes","Concreto especializado"
3814,"Concreto especial -675",METRO_CUBICO,"Concretos asfaltos y estabilizantes","Concreto especializado"
3804,"Concreto especial -685",METRO_CUBICO,"Concretos asfaltos y estabilizantes","Concreto especializado"
3794,"Concreto especial -695",METRO_CUBICO,"Concretos asfaltos y estabilizantes","Concreto especializado"
3784,"Concreto especial -705",METRO_CUBICO,"Concretos asfaltos y estabilizantes","Concreto especializado"
3774,"Concreto especial -715",METRO_CUBICO,"Concretos asfaltos y estabilizantes","Concreto especializado"
3764,"Concreto especial -725",METRO_CUBICO,"Concretos asfaltos y estabilizantes","Concreto especializado"
3754,"Concreto especial -735",METRO_CUBICO,"Concretos asfaltos y estabilizantes","Concreto especializado"
3744,"Concreto especial -745",METRO_CUBICO,"Concretos asfaltos y estabilizantes","Concreto especializado"
4414,"Concreto especial -75",METRO_CUBICO,"Concretos asfaltos y estabilizantes","Concreto especializado"
3734,"Concreto especial -755",METRO_CUBICO,"Concretos asfaltos y estabilizantes","Concreto especializado"
3724,"Concreto especial -765",METRO_CUBICO,"Concretos asfaltos y estabilizantes","Concreto especializado"
3714,"Concreto especial -775",METRO_CUBICO,"Concretos asfaltos y estabilizantes","Concreto especializado"
3704,"Concreto especial -785",METRO_CUBICO,"Concretos asfaltos y estabilizantes","Concreto especializado"
3694,"Concreto especial -795",METRO_CUBICO,"Concretos asfaltos y estabilizantes","Concreto especializado"
3684,"Concreto especial -805",METRO_CUBICO,"Concretos asfaltos y estabilizantes","Concreto especializado"
3674,"Concreto especial -815",METRO_CUBICO,"Concretos asfaltos y estabilizantes","Concreto especializado"
3664,"Concreto especial -825",METRO_CUBICO,"Concretos asfaltos y estabilizantes","Concreto especializado"
3654,"Concreto especial -835",METRO_CUBICO,"Concretos asfaltos y estabilizantes","Concreto especializado"
3644,"Concreto especial -845",METRO_CUBICO,"Concretos asfaltos y estabilizantes","Concreto especializado"
4404,"Concreto especial -85",METRO_CUBICO,"Concretos asfaltos y estabilizantes","Concreto especializado"
3634,"Concreto especial -855",METRO_CUBICO,"Concretos asfaltos y estabilizantes","Concreto especializado"
3624,"Concreto especial -865",METRO_CUBICO,"Concretos asfaltos y estabilizantes","Concreto especializado"
3614,"Concreto especial -875",METRO_CUBICO,"Concretos asfaltos y estabilizantes","Concreto especializado"
3604,"Concreto especial -885",METRO_CUBICO,"Concretos asfaltos y estabilizantes","Concreto especializado"
3594,"Concreto especial -895",METRO_CUBICO,"Concretos asfaltos y estabilizantes","Concreto especializado"
3584,"Concreto especial -905",METRO_CUBICO,"Concretos asfaltos y estabilizantes","Concreto especializado"
3574,"Concreto especial -915",METRO_CUBICO,"Concretos asfaltos y estabilizantes","Concreto especializado"
3564,"Concreto especial -925",METRO_CUBICO,"Concretos asfaltos y estabilizantes","Concreto especializado"
3554,"Concreto especial -935",METRO_CUBICO,"Concretos asfaltos y estabilizantes","Concreto especializado"
3544,"Concreto especial -945",METRO_CUBICO,"Concretos asfaltos y estabilizantes","Concreto especializado"
4394,"Concreto especial -95",METRO_CUBICO,"Concretos asfaltos y estabilizantes","Concreto especializado"
4504,"Concreto especial 15",METRO_CUBICO,"Concretos asfaltos y estabilizantes","Concreto especializado"
4514,"Concreto especial 25",METRO_CUBICO,"Concretos asfaltos y estabilizantes","Concreto especializado"
4524,"Concreto especial 35",METRO_CUBICO,"Concretos asfaltos y estabilizantes","Concreto especializado"
4534,"Concreto especial 45",METRO_CUBICO,"Concretos asfaltos y estabilizantes","Concreto especializado"
4494,"Concreto especial 5",METRO_CUBICO,"Concretos asfaltos y estabilizantes","Concreto especializado"
4544,"Concreto especial 55",METRO_CUBICO,"Concretos asfaltos y estabilizantes","Concreto especializado"
4554,"Concreto especial 65",METRO_CUBICO,"Concretos asfaltos y estabilizantes","Concreto especializado"
4564,"Concreto especial 75",METRO_CUBICO,"Concretos asfaltos y estabilizantes","Concreto especializado"
4574,"Concreto especial 85",METRO_CUBICO,"Concretos asfaltos y estabilizantes","Concreto especializado"
4584,"Concreto especial 95",METRO_CUBICO,"Concretos asfaltos y estabilizantes","Concreto especializado"
2800,"Concreto fc=100 bombeable",METRO_CUBICO,"Concretos asfaltos y estabilizantes","Concreto 100 alto revenimiento"
2799,"Concreto fc=100 kg/cm2",METRO_CUBICO,"Concretos asfaltos y estabilizantes","Concreto resistencia 100"
2802,"Concreto fc=150 bombeable",METRO_CUBICO,"Concretos asfaltos y estabilizantes","Concreto 150 alto revenimiento"
2801,"Concreto fc=150 kg/cm2",METRO_CUBICO,"Concretos asfaltos y estabilizantes","Concreto resistencia 150"
2804,"Concreto fc=200 bombeable",METRO_CUBICO,"Concretos asfaltos y estabilizantes","Concreto 200 alto revenimiento"
2803,"Concreto fc=200 kg/cm2",METRO_CUBICO,"Concretos asfaltos y estabilizantes","Concreto resistencia 200"
2806,"Concreto fc=250 bombeable",METRO_CUBICO,"Concretos asfaltos y estabilizantes","Concreto 250 alto revenimiento"
2805,"Concreto fc=250 kg/cm2",METRO_CUBICO,"Concretos asfaltos y estabilizantes","Concreto resistencia 250"
2808,"Concreto fc=300 bombeable",METRO_CUBICO,"Concretos asfaltos y estabilizantes","Concreto 300 alto revenimiento"
2807,"Concreto fc=300 kg/cm2",METRO_CUBICO,"Concretos asfaltos y estabilizantes","Concreto resistencia 300"
2810,"Concreto fc=350 bombeable",METRO_CUBICO,"Concretos asfaltos y estabilizantes","Concreto 350 alto revenimiento"
2809,"Concreto fc=350 kg/cm2",METRO_CUBICO,"Concretos asfaltos y estabilizantes","Concreto resistencia 350"
2812,"Concreto fc=400 bombeable",METRO_CUBICO,"Concretos asfaltos y estabilizantes","Concreto 400 alto revenimiento"
2811,"Concreto fc=400 kg/cm2",METRO_CUBICO,"Concretos asfaltos y estabilizantes","Concreto resistencia 400"
2814,"Concreto fc=450 bombeable",METRO_CUBICO,"Concretos asfaltos y estabilizantes","Concreto 450 alto revenimiento"
2813,"Concreto fc=450 kg/cm2",METRO_CUBICO,"Concretos asfaltos y estabilizantes","Concreto resistencia 450"
2824,"Concreto fibrorreforzado",METRO_CUBICO,"Concretos asfaltos y estabilizantes","Fibras acero"
2823,"Concreto grout fluido",METRO_CUBICO,"Concretos asfaltos y estabilizantes","Anclajes"
2822,"Concreto ligero",METRO_CUBICO,"Concretos asfaltos y estabilizantes","Agregado ligero"
2815,"Concreto MR-42 pavimentos",METRO_CUBICO,"Concretos asfaltos y estabilizantes","Hidraulico MR-42"
2816,"Concreto MR-45 pavimentos",METRO_CUBICO,"Concretos asfaltos y estabilizantes","Hidraulico MR-45"
2817,"Concreto MR-48 pavimentos",METRO_CUBICO,"Concretos asfaltos y estabilizantes","Hidraulico MR-48"
2818,"Concreto MR-50 pavimentos",METRO_CUBICO,"Concretos asfaltos y estabilizantes","Hidraulico MR-50"
2821,"Concreto permeable",METRO_CUBICO,"Concretos asfaltos y estabilizantes","Infiltracion"
2820,"Concreto shotcrete",METRO_CUBICO,"Concretos asfaltos y estabilizantes","Proyectado"
2850,"Emulsion ECI litro",LITRO,"Concretos asfaltos y estabilizantes","Rompimiento impregnante"
2851,"Emulsion ECI tambor",TAMBOR_200L,"Concretos asfaltos y estabilizantes","impregnante tambor"
2848,"Emulsion ECL-60 litro",LITRO,"Concretos asfaltos y estabilizantes","Rompimiento lento"
2849,"Emulsion ECL-60 tambor",TAMBOR_200L,"Concretos asfaltos y estabilizantes","lento tambor"
2846,"Emulsion ECM-60 litro",LITRO,"Concretos asfaltos y estabilizantes","Rompimiento medio"
2847,"Emulsion ECM-60 tambor",TAMBOR_200L,"Concretos asfaltos y estabilizantes","medio tambor"
2844,"Emulsion ECR-60 litro",LITRO,"Concretos asfaltos y estabilizantes","Rompimiento rapido"
2845,"Emulsion ECR-60 tambor",TAMBOR_200L,"Concretos asfaltos y estabilizantes","rapido tambor"
2852,"Emulsion EMP litro",LITRO,"Concretos asfaltos y estabilizantes","Rompimiento polimeros"
2853,"Emulsion EMP tambor",TAMBOR_200L,"Concretos asfaltos y estabilizantes","polimeros tambor"
2856,"Mezcla asfaltica caliente densa",TONELADA,"Concretos asfaltos y estabilizantes","Carpeta convencional"
2857,"Mezcla asfaltica SMA",TONELADA,"Concretos asfaltos y estabilizantes","Stone Mastic"
2858,"Mezcla fria bacheo saco 25 kg",SACO_25KG,"Concretos asfaltos y estabilizantes","Reparaciones"
2859,"Mezcla fria bacheo tambor",TAMBOR_200KG,"Concretos asfaltos y estabilizantes","Bacheo mayor"
2842,"Mortero adhesivo ceramico saco 40 kg",SACO_40KG,"Concretos asfaltos y estabilizantes","Mortero pisos"
2841,"Mortero aplanados saco 40 kg",SACO_40KG,"Concretos asfaltos y estabilizantes","Mortero recubrimientos"
2843,"Mortero impermeabilizado saco 40 kg",SACO_40KG,"Concretos asfaltos y estabilizantes","Mortero con aditivo"
2840,"Mortero para block saco 40 kg",SACO_40KG,"Concretos asfaltos y estabilizantes","Mortero mamposteria"
2839,"Mortero predosificado saco 40 kg",SACO_40KG,"Concretos asfaltos y estabilizantes","Mortero listo mezclar"
3385,"Arnes 5 puntos",PIEZA,"EPP y seguridad","Certificado"
3384,"Arnes cuerpo completo",PIEZA,"EPP y seguridad","Altura"
3401,"Bandera señalero",PIEZA,"EPP y seguridad","Trafico"
3395,"Barricada plastica 2m",PIEZA,"EPP y seguridad","Barrera"
3371,"Bota dielectrica",PAR,"EPP y seguridad","Electricistas"
3372,"Bota hule casquillo",PAR,"EPP y seguridad","Agua"
3373,"Bota hule larga",PAR,"EPP y seguridad","Rodilla"
3370,"Bota seguridad casquillo",PAR,"EPP y seguridad","Industrial"
3403,"Botiquin tipo A",PIEZA,"EPP y seguridad","Basico"
3404,"Botiquin tipo B",PIEZA,"EPP y seguridad","Completo"
3405,"Camilla rigida",PIEZA,"EPP y seguridad","Emergencia"
3361,"Careta autooscurecente",PIEZA,"EPP y seguridad","Electronica"
3362,"Careta facial completa",PIEZA,"EPP y seguridad","Esmerilado"
3360,"Careta soldar sombra 10",PIEZA,"EPP y seguridad","Soldador"
3349,"Casco con barboquejo",PIEZA,"EPP y seguridad","Proteccion Altura"
3350,"Casco dielectrico clase E",PIEZA,"EPP y seguridad","Proteccion Electricistas"
3347,"Casco seguridad tipo I",PIEZA,"EPP y seguridad","Proteccion Basica"
3348,"Casco seguridad tipo II",PIEZA,"EPP y seguridad","Proteccion Lateral"
3354,"Chaleco clase 2 reflejante",PIEZA,"EPP y seguridad","Certificado"
3355,"Chaleco clase 3 reflejante",PIEZA,"EPP y seguridad","Alta visibilidad"
3353,"Chaleco seguridad amarillo",PIEZA,"EPP y seguridad","Reflejante"
3352,"Chaleco seguridad naranja",PIEZA,"EPP y seguridad","Visibilidad"
3409,"Chamarra trabajo",PIEZA,"EPP y seguridad","Industrial"
3396,"Cinta peligro amarilla 200m",ROLLO,"EPP y seguridad","Delimitadora"
3397,"Cinta peligro roja 200m",ROLLO,"EPP y seguridad","Prohibido"
3392,"Cono seguridad 45 cm",PIEZA,"EPP y seguridad","Pequeño"
3393,"Cono seguridad 70 cm",PIEZA,"EPP y seguridad","Mediano"
3394,"Cono seguridad 90 cm",PIEZA,"EPP y seguridad","Grande"
4390,"EPP especializado -105",PIEZA,"EPP y seguridad","Proteccion personal"
4380,"EPP especializado -115",PIEZA,"EPP y seguridad","Proteccion personal"
4370,"EPP especializado -125",PIEZA,"EPP y seguridad","Proteccion personal"
4360,"EPP especializado -135",PIEZA,"EPP y seguridad","Proteccion personal"
4350,"EPP especializado -145",PIEZA,"EPP y seguridad","Proteccion personal"
4480,"EPP especializado -15",PIEZA,"EPP y seguridad","Proteccion personal"
4340,"EPP especializado -155",PIEZA,"EPP y seguridad","Proteccion personal"
4330,"EPP especializado -165",PIEZA,"EPP y seguridad","Proteccion personal"
4320,"EPP especializado -175",PIEZA,"EPP y seguridad","Proteccion personal"
4310,"EPP especializado -185",PIEZA,"EPP y seguridad","Proteccion personal"
4300,"EPP especializado -195",PIEZA,"EPP y seguridad","Proteccion personal"
4290,"EPP especializado -205",PIEZA,"EPP y seguridad","Proteccion personal"
4280,"EPP especializado -215",PIEZA,"EPP y seguridad","Proteccion personal"
4270,"EPP especializado -225",PIEZA,"EPP y seguridad","Proteccion personal"
4260,"EPP especializado -235",PIEZA,"EPP y seguridad","Proteccion personal"
4250,"EPP especializado -245",PIEZA,"EPP y seguridad","Proteccion personal"
4470,"EPP especializado -25",PIEZA,"EPP y seguridad","Proteccion personal"
4240,"EPP especializado -255",PIEZA,"EPP y seguridad","Proteccion personal"
4230,"EPP especializado -265",PIEZA,"EPP y seguridad","Proteccion personal"
4220,"EPP especializado -275",PIEZA,"EPP y seguridad","Proteccion personal"
4210,"EPP especializado -285",PIEZA,"EPP y seguridad","Proteccion personal"
4200,"EPP especializado -295",PIEZA,"EPP y seguridad","Proteccion personal"
4190,"EPP especializado -305",PIEZA,"EPP y seguridad","Proteccion personal"
4180,"EPP especializado -315",PIEZA,"EPP y seguridad","Proteccion personal"
4170,"EPP especializado -325",PIEZA,"EPP y seguridad","Proteccion personal"
4160,"EPP especializado -335",PIEZA,"EPP y seguridad","Proteccion personal"
4150,"EPP especializado -345",PIEZA,"EPP y seguridad","Proteccion personal"
4460,"EPP especializado -35",PIEZA,"EPP y seguridad","Proteccion personal"
4140,"EPP especializado -355",PIEZA,"EPP y seguridad","Proteccion personal"
4130,"EPP especializado -365",PIEZA,"EPP y seguridad","Proteccion personal"
4120,"EPP especializado -375",PIEZA,"EPP y seguridad","Proteccion personal"
4110,"EPP especializado -385",PIEZA,"EPP y seguridad","Proteccion personal"
4100,"EPP especializado -395",PIEZA,"EPP y seguridad","Proteccion personal"
4090,"EPP especializado -405",PIEZA,"EPP y seguridad","Proteccion personal"
4080,"EPP especializado -415",PIEZA,"EPP y seguridad","Proteccion personal"